word,meaning,å­— è©± æ¶ˆæ¯ è© è«¾è¨€ å‘½ä»¤ ä»£ç¢¼ç”¨è¨€è©è¡¨é”
abacus,frame with balls for calculating       ,ç®—ç›¤
abate,to lessen to subside        ,ç·©å’Œ æ¸›å¼± æ¸›å°‘ å»¢é™¤ç·©å’Œ æ¸›å¼± æ¸›å°‘
abdication,giving up control authority        ,éœä½ æ£„æ¬Š è¾­è·
aberration,straying away from what is normal      ,è¶Šè»Œ å…‰è¡Œå·® å¿ƒç†å¤±å¸¸ è‰²å·®
abet,help/encourage smb (in doing wrong)     ,æ•™å”† å¹«åŠ©
abeyance,suspended action          ,ä¸­æ­¢ æš«æ“± åœæ­¢
abhor,to hate to detest        ,æ†æƒ¡ ç—›æ¨
abide,be faithful to endure        ,éµå®ˆ å¿å— å±…ç•™ å …æŒå¿å—
abjure,promise or swear to give up      ,ç™¼èª“æ”¾æ£„
abrade,rubbed off worn away by friction      ,æ“¦å‚· ç£¨æ ç£¨
abrogate,repeal or annul by authority       ,å»¢é™¤ å–æ¶ˆ
abscond,to go away suddenly (to avoid arrest)     ,æ½›é€ƒ é€ƒåŒ¿
abstruse,difficult to comprehend obscure        ,é›£è§£çš„ æ·±å¥§çš„
abut,border on          ,é„°æ¥ æ¯—é„° ç·Šé  æ¥è¿‘
abysmal,bottomless extreme          ,æ·±ä¸å¯æ¸¬çš„ ç„¡åº•çš„
acarpous,effete no longer fertile worn out      ,ç„¡æœå¯¦çš„; ä¸çµå¯¦çš„
acclaim,welcomed with shouts and approval       ,å–å½© æ­¡å‘¼ è´ŠåŒæ­¡å‘¼ å–å½© ç¨±è´Š
accolade,praise approval          ,æ­¦å£«çˆµä½çš„æˆäºˆ é€£è­œè™Ÿ
accretion,the growing of separate things into one     ,å¢å¤§ æ·»åŠ  æ·»åŠ ç‰©
adamant,kind of stone inflexible        ,å …ç¡¬çš„æ±è¥¿éå¸¸å …ç¡¬çš„
admonitory,containing warning          ,è­¦å‘Šçš„ å‹¸å‘Šçš„ è¨“èª¡çš„
adorn,add beauty decorate         ,è£é£¾ è£æ½¢ ä½¿å¢è‰²;ä½©æˆ´ ç©¿è‘—
adulteration,making unpure poorer in quality       ,æ‘»é›œ æ‘»å‡çš„æ±è¥¿ å†’å……è²¨
affable,polite and friendly       ,å’Œè—¹å¯è¦ªçš„ å‹å–„çš„ æ®·å‹¤çš„
affinity,close connection relationship         ,å¸å¼•åŠ› å…±é³´;è¦ªå¯†é—œç³» ç›¸ä¼¼ä¹‹è™•
aggravate,make worse irritate         ,åŠ é‡ ä½¿æƒ¡åŒ–;æ¿€æ€’ æƒ¹æƒ±
agile,active quick-moving          ,æ•æ·çš„ éˆæ´»çš„ è¼•å¿«çš„
agog,eager/excited         ,æ¥µåº¦èˆˆå¥®çš„ æ¸´æœ›çš„ è¿«ä¸åŠå¾…çš„
ail,trouble be ill         ,ä½¿è‹¦æƒ±è‹¦æƒ± ç”Ÿç—…
alacrity,eager and cheerful readiness        ,æ•æ· è¼•å¿« æ¨‚æ„
alcove,recess/partially enclosed place       ,å‡¹å®¤ å£æ«¥ å°äº­
allegiance,duty support loyalty         ,å¿ èª  å¿ è²
alleviate,make (pain) easier to bear       ,æ¸›è¼• ä½¿ç·©å’Œ
alloy,to debase by mixing with something inferior     ,åˆé‡‘ä½¿æˆåˆé‡‘ æ”™ä»¥åŠ£è³ª æ¸›ä½æˆè‰²åˆé‘„
aloof,reserved indifferent          ,ç–é çš„ å†·æ·¡çš„é é›¢ é›¢é–‹
amalgamate,mix combine unite societies        ,ä½¿èˆ‡æ±æ··åˆ åˆä½µ
ambidextrous,able to use the left hand or the right equally well ,å…©æ‰‹ä¿±åˆ©çš„ æ‡·æœ‰äºŒå¿ƒçš„
ambiguous,doubtful uncertain          ,æ›–æ˜§çš„ ä¸æ˜ç¢ºçš„
ambivalent,having both of two contrary meanings      ,çŸ›ç›¾çš„ å¥½æƒ¡ç›¸å…‹çš„
ameliorate,improve make better         ,æ”¹å–„ æ”¹è‰¯ è®Šå¥½
amortize,end (a debt) by setting aside money     ,æ”¤é‚„ æ”¤éŠ· åˆ†æœŸå„Ÿé‚„ ç·©æ²–
anguish,severe suffering        ,è‹¦æ‚¶ ç—›è‹¦ä½¿æ¥µè‹¦æ‚¶ ä½¿æ¥µç—›è‹¦æ„Ÿåˆ°ç—›è‹¦
animosity,strong dislike          ,ä»‡æ¨ æ†æƒ¡ æ•µæ„
antidote,medicine used against a poison or a disease    ,è§£æ¯’åŠ‘ è§£è—¥
antithetical,direct opposing          ,æ­£ç›¸åçš„;å°ç…§çš„
apartheid,brutal racial discrimination         ,ç¨®æ—éš”é›¢
aplomb,self-confidence           ,æ²ˆè‘— æ³°ç„¶è‡ªè‹¥ å‚ç›´
apostate,one who abandons long-held religious or political convictions    ,èƒŒæ•™è€… è®Šç¯€è€… è„«é»¨è€…èƒŒæ•™çš„ è®Šç¯€çš„ è„«é»¨çš„
apotheosis,deification glorification to godliness        ,å°Šç‚ºç¥ å°ç¥ ç¥åŒ–
appease,make quiet or calm        ,å®‰æ’« ç·©å’Œ å¹³æ¯ æ»¿è¶³
apprehensive,grasping understanding fear unhappy feeling about future     ,æ†‚æ…®çš„ ä¸å®‰çš„ æ“”å¿ƒçš„ ææ‡¼çš„;æœ‰ç†è§£åŠ›çš„ é ˜æ‚Ÿçš„
apprise,give notice to inform        ,é€šçŸ¥ å ±å‘Š å‘ŠçŸ¥
approbation,approval           ,æ‰¹å‡† è´Šæˆ èªå¯;å˜‰ç ç¨±è´Š
apropos,appropriate to the situation apt       ,æ°ç•¶ è²¼åˆ‡ é—œæ–¼
apt,well-suited quick-witted          ,å‚¾å‘æ–¼çš„ æ˜“æ–¼çš„ æ°ç•¶çš„ è°æ˜çš„
arabesque,a complex ornate design        ,é˜¿æ‹‰ä¼¯å¼åœ–é£¾ è”“è—¤èŠ±ç´‹
arboreal,of connected with trees        ,æ¨¹çš„ å–¬æœ¨çš„ æ£²æ–¼æ¨¹æœ¨çš„
ardor,enthusiasm           ,ç†±å¿ƒ ç†±æƒ…
arduous,steep difficult ascent laborious        ,è²»åŠ›çš„ è¾›å‹¤çš„ éšªå³»çš„
argot,jargon slang          ,éš±èª æš—èª æš—è™Ÿ
arrant,in the highest degree        ,è²åç‹¼è—‰çš„ æ¥µæƒ¡çš„
arrogance,proud superior manner of behaviour       ,å‚²æ…¢æ…‹åº¦ è‡ªå¤§
articulate,speak distinctly connect by joints       ,æœ‰é—œç¯€çš„ ç™¼éŸ³æ¸…æ™°çš„ä»¥é—œç¯€é€£æ¥ æ¥åˆ æ˜ç™½åœ°èªª
ascend,go or come up        ,ä¸Šå‡ è¿½æº¯ ç™»é«˜æ”€ç™»
ascertain,get to know         ,ç¢ºå®š æ¢çŸ¥
ascetic,practicing self-denial austere stark        ,ç¦æ¬²è€… ä¿®é“è€…ä¿®é“çš„ è‹¦å·±çš„ è‹¦è¡Œ
ascribe,consider to be the origin of or belonging to   ,æ­¸å› æ–¼ æ­¸å’æ–¼
aseptic,surgically clean        ,é˜²è…åŠ‘ç„¡èŒçš„
asperity,roughness harshness ill temper irritability       ,ç²—æš´ åš´é…· åš´å¯’
aspersion,slander           ,ä¸­å‚· èª¹è¬— æ±¡è”‘
assail,with attack violently         ,æ”»æ“Š è¥²æ“Š;è‘—æ‰‹è§£æ±º
assiduous,diligent hard-working sedulous         ,å‹¤å‹‰çš„ åˆ»è‹¦çš„
assuage,make smth (pain desire) less       ,ç·©å’Œ æ¸›è¼• é®å®š
asterisk,the mark * (e.g.. omitted letters)      ,æ˜Ÿè™Ÿ
astringent,substance that shrinks         ,æ”¶æ–‚åŠ‘æ”¶æ–‚æ€§çš„ åš´é…·çš„ æ¾€çš„
astute,clever quick at seeing to get an advantage    ,æ©Ÿæ•çš„ ç‹¡çŒ¾çš„
atonement,repayment death of Jesus        ,è´–å› å„Ÿé‚„ å½Œè£œ
attenuate,make thin. weaken enervate        ,ä½¿è®Šç¨€è–„;ä½¿è®Šç´°;å¼„æ·¡
attune,bring into harmony       ,èª¿éŸ³ ä½¿åˆèª¿ ä½¿ç›¸åˆ
audacious,daring foolishly bold impudent        ,å¤§è†½çš„ ç„¡ç¦®çš„ ç„¡æ¥çš„
augury,omen sign          ,å å…† å åœ é è¨€
august,majestic venerable          ,å…«æœˆ;å¨åš´çš„ ä»¤äººæ•¬ç•çš„
auspicious,favorable successful prosperous         ,å‰å…†çš„ å¹¸é‹çš„
austere,severely moral and strict simple and plain     ,åš´å³»çš„ ç°¡æ¨¸çš„
auxiliary,helping supporting          ,å¹«åŠ©è€… è¼”åŠ©ç‰© åŠ©å‹•è©é™„åŠ çš„ è¼”åŠ©çš„
aver,affirm assert prove justify        ,æ–·è¨€ ä¸»å¼µ
aversion,strong dislike          ,å­æƒ¡ è¨å­çš„äº‹ è¨å­çš„äºº
avid,eager greedy          ,ç†±æœ›çš„ æ€¥åˆ‡çš„ è²ªå©ªçš„
avow,admit. Declare openly         ,è²æ˜ æ‰¿èª æ‹›èª
baleful,harmful ominous causing evil        ,æœ‰å®³çš„ æƒ¡æ„çš„
balk,obstacle purposely to get on the way of    ,éšœç¤™ éŒ¯èª¤ å¤±æ•—é˜»æ­¢ çªç„¶åœæ­¢ é€€ç¸®é€¡å·¡ä¸å‰
baneful,causing harm or ruin pernicious destructive      ,æœ‰å®³çš„ ä½¿äººè‹¦æƒ±çš„
barrage,artificial obstacle built across a river      ,æ©è­·ç‚®ç« çŒ›çƒˆçš„ç‚®ç« é€£ç ç‚® å½ˆå¹• æ¥äºŒé€£ä¸‰çš„å°„æ“Š
barren,not good enough unable to have young ones without value  ,ä¸è‚²çš„ è²§ç˜ çš„è’åœ°
bask,in enjoy warmth and light       ,æ›¬å¤ªé™½ å–æš– äº«å—
beatify,to bless make happy or ascribe a virtue to   ,ä½¿äº«ç¦ è¡Œå®£ç¦ç¦®
bedizen,to adorn especially in a cheap showy manner    ,ä¿—éº—åœ°ç©¿è‘—
belabor,beat hard        ,ç—›æ‰“
bellicose,belligerent pugnacious warlike         ,å¥½æˆ°çš„ å¥½é¬¥çš„
belligerent,(person nation) waging war        ,å¥½æˆ°çš„ äº¤æˆ°çš„ äº¤æˆ°åœ‹çš„
benefactor,person who has given help       ,æ©äºº æåŠ©è€… è´ˆé€è€…
benevolence,wish or activity in doing good      ,å–„æ„ æ…ˆæ‚² å–„è¡Œ
benign,kind and gentle mild (climate)       ,è‰¯æ€§çš„
bequest,arrangement to give smth at death      ,éºè´ˆç‰© éºç”¢ éºè´ˆ
berate,scold sharply          ,åš´è²¬
bereft,rob or dispossess of smth (material)      ,è¢«å‰å¥ªçš„ å–ªå¤±çš„ å¤±å»è¦ªäººçš„
bewilder,puzzle confuse          ,ä½¿ä¸çŸ¥æ‰€æª
bigot,stubborn narrow-minded person         ,ç›²ä¿¡è€… åŸ·æ‹—çš„äºº é ‘å›ºè€…
bilge,bulge the protuberance of a cask      ,èˆ¹åº• èˆ¹åº•çš„æ±¡æ°´ æ±¡å¢ç©¿æ´ ä½¿è†¨è„¹è†¨è„¹ èˆ¹åº•æ¼æ°´
blandishment,flattery coaxing          ,ç”œè¨€èœœèª è«‚åªš å¥‰æ‰¿
blandness,polite manner comforting uninteresting        ,æº«å’Œ;æ®·å‹¤;çˆ½å¿«
blatant,noisy and rough         ,å–§å›‚çš„ åµé¬§çš„ ä¿—éº—çš„ ç‚«è€€çš„
blithe,cheerful casual carefree         ,æ„‰å¿«çš„ é«˜èˆˆçš„
bogus,sham counterfeit not genuine        ,å‡çš„ å½é€ çš„
boisterous,loud noisy rough lacking restraint       ,çŒ›çƒˆçš„ å–§é¬§çš„ ç‹‚æš´çš„
bolster,give greatly needed support        ,æ”¯æ´ é•·æ•æ”¯æ´ æ”¯æ’
boorish,crude offensive rude         ,ç²—é‡çš„ ç²—é„™çš„
brash,hasty rush cheeky saucy        ,æ€§æ€¥çš„ å€‰ä¿ƒçš„ ç„¡ç¦®çš„ å‚²æ…¢çš„èƒƒç¼ç†± é©Ÿé›¨ ç¢ç‰‡
brass,yellow metal (mixing copper and zinc)      ,é»ƒéŠ… é»ƒéŠ…è£½å“é»ƒéŠ…çš„ éŠ…ç®¡æ¨‚å™¨çš„éä»¥é»ƒéŠ… æ”¯ä»˜
brazen,made of brass         ,é»ƒéŠ…åˆ¶çš„ åšé¡ç„¡æ¥çš„åšè‡‰çš®åœ°å°å¾…
breach,opening broken place breaking        ,è£‚å£ é•èƒŒ ç ´å£ é•å çªç ´ ç ´è£‚æ”»ç ´ çªç ´è·³å‡ºæ°´é¢
brittle,easily broken          ,æ˜“ç¢çš„ è„†å¼±çš„ æ˜“å£çš„
broach,bring up announce begin to talk about     ,ç‡’è‚‰å‰ å‰å­ é‘½é ­ä¸²åœ¨å‰ä¸Š ç²—åˆ» é‘½å­”éœ²å‡ºæ°´é¢
brook,to tolerate endure         ,å°æºªå®¹å¿
buoyant,able to float light-hearted        ,æœ‰æµ®åŠ›çš„ å¿ƒæƒ…æ„‰å¿«çš„
burgeon,grow forth send out buds       ,èŠ½ å«©æèŒèŠ½ ç™¼èŠ½
burnish,to polish rub to a shine      ,ç£¨ æ‰“ç£¨ ç£¨å…‰ç£¨å…‰ç™¼äº®å…‰è¼ å…‰æ¾¤
cabal,a scheme or plot a group of plotters    ,å¾’é»¨ ç§˜å¯†çµç¤¾ (å°¤æŒ‡æ”¿æ²»ä¸Šçš„)é™°è¬€ç­–åŠƒé™°è¬€
cadge,to beg to get by begging      ,è¡Œä¹ ä¹è¨ è²©è³£
cajole,use flattery or deceit to persuade    ,ä»¥ç”œè¨€èœœèªå“„é¨™ å‹¾å¼•
calipers,metal supports attached to the legs measuring instrument    ,å½è…³å™¨ æ¸¬å¾‘å™¨
calumny,slander aspersion          ,èª¹è¬— ä¸­å‚·
candid,frank straight-forward          ,å¦ç™½çš„ ç‡ç›´çš„ å…¬æ­£çš„
cant,insincere talk/jargon        ,å½å–„ä¹‹è¨€ é»‘è©± æ–œé¢ è§’è½è¬›é»‘è©± å‚¾æ–œ
cantankerous,bad-tempered/quarrelsome         ,å¿ƒåœ°ä¸è‰¯çš„ æ„›åµæ¶çš„
canvass,discuss thoroughly sort of touting       ,ç´°æŸ¥ è¨è«– å‹¸èª˜å¾¹åº•æª¢æŸ¥ ç´°ç©¶ å‘â€¦æ‹‰ç¥¨æˆ–æ‹‰ç”Ÿæ„ è¨è«–éŠèªª
castigate,to chastise correct by punishing       ,æ‡²ç½° è‹›è©• ä¿®è¨‚
castigation,severe punishment          ,æ‡²ç½° è‹›è©• ä¿®è¨‚
catalyst,substance that causes speeding up       ,è§¸åª’åŠ‘
caustic,biting sarcastic          ,è…è•åŠ‘è…è•æ€§çš„
censure,expression of blame or disapproval a rebuke     ,è²¬é›£éé›£ æŒ‡è²¬
centurion,leader of a unit of 100 soldiers     ,ç™¾å¤«é•·
chary,cautious wary          ,ç´°å¿ƒçš„ åå—‡çš„ è¬¹æ…çš„
chasten,corrected punished          ,æ‡²æˆ’ æŠ‘åˆ¶ ç£¨ç·´
chastisement,punishment           ,æ‡²ç½°
chauvinist,a blindly devoted patriot        ,ç›²ç›®çš„æ„›åœ‹è€…
chicanery,legal trickery/false argument       ,å¼·è©å¥ªç† ç‹¡è¾¯ æ¬ºé¨™
chisel,steel tool for shaping materials       ,é‘¿å­é‘¿ åˆ» é›•é‘¿ æ¬ºé¨™
churl,bad-tempered person          ,ä¸‹è³¤çš„äºº;åå—‡é¬¼;æ‘å¤«
clamor,shout complain with a lot of noise     ,å–§é¬§ å«åš· å¤§è²çš„è¦æ±‚å–§åš· å¤§è²çš„è¦æ±‚
clientele,customers         ,è¨´è¨Ÿå§”è¨—äºº å®¢æˆ¶
clinch,come to grips/settle conclusively      ,é‡˜ç‰¢æ•²å½ æ‰­ä½
cling,to resist separation         ,ç²˜ç·Š é™„è‘— ç·Šè²¼ å …æŒ
clot,half-solid lump formed from liquid       ,å‡å¡Š ç¾¤(ä½¿)å‡çµ (ä½¿)èšé›†
cloture,closing device (in Parliament) to end a debate by voting  ,è¨è«–çµ‚çµçµæŸè¾¯è«–
coagulation,change to a thick and solid state   ,å‡çµ å‡çµç‰©
coalesce,coming together and uniting into one substance     ,åˆä½µ è¯åˆ æ¥åˆ
coax,get smb to do smth by kindness     ,å“„ èª˜é¨™ æ…¢æ…¢çš„åšå¥½å“„é¨™å“„é¨™
coda,passage that completes a piece of music   ,çµ‚çµå¥ æ¨‚ç« çµå°¾éƒ¨ å®Œçµéƒ¨
coddle,treat with care and tenderness       ,å¬Œé¤Š æººæ„› ç…®è›‹å¬Œç”Ÿæ…£é¤Šçš„äºº å¯¶è²å­å¼Ÿ å¬Œé¤Šå°å­©çš„äºº
coerce,compel to force to make obedient      ,å¼·åˆ¶ å¼·è¿«
coeval,of the same period coexisting       ,åŒæ™‚ä»£çš„åŒæ™‚ä»£çš„äºº
cogent,strong convincing          ,ä½¿äººé¦–è‚¯çš„ ä½¿äººä¿¡æœçš„ åˆ‡å¯¦çš„
cogitate,think deeply mediate         ,æ€è€ƒ è€ƒæ…®
cognizant,being fully aware of        ,å·²èªè­˜ æ—¢çŸ¥é“ æ›‰å¾—
colander,bowl-shaped vessel with many holes used to drain off water  ,æ¿¾å™¨ æ¼é‹
collusion,secret agreement for a deceitful purpose      ,å‹¾çµ å…±è¬€
combustion,process of burning         ,ç‡ƒç‡’ æ°§åŒ–
commemorate,keep the memory of        ,ç´€å¿µ
commodious,having plenty of space for what is needed  ,å¯¬æ•çš„ æ–¹ä¾¿çš„
commuter,person who travels regularly        ,ä½¿ç”¨æœˆå­£ç¥¨ä¸Šä¸‹ç­è€… é€šå‹¤è€…
complaisance,tending to comply obliging willingness to please     ,å½¬å½¬æœ‰ç¦® æ®·å‹¤ æŸ”é †
compunction,feeling of regret for one's action      ,è‰¯å¿ƒçš„è²¬å‚™ å¾Œæ‚” æ‚”æ¨
conceal,hide keep secret         ,éš±ç éš±åŒ¿ éš±è”½ éš±è—
conceit,over-high opinion of too much pride      ,è‡ªè²  ç©ºæƒ³ ç‹‚å¦„
conciliatory,reconciling soothing comforting mollifying        ,å®‰æ’«çš„ æ‡·æŸ”çš„ èå’Œçš„
concord,agreement or harmony         ,ä¸€è‡´ å’Œç¦ å’Œç¦çš„ä¾‹å­
concur,agree in opinion happen together       ,æ„è¦‹ç›¸åŒ ä¸€è‡´ äº’åŠ©
condense,increase in density strength make laconic      ,ä½¿æ¿ƒç¸® æ‘˜è¦ ç¸®çŸ­æ¿ƒç¸® å‡çµ
condone,forgive           ,èµ¦ å¯¬æ•
congeal,make or become stiff and solid      ,(ä½¿)å‡çµ (ä½¿)å‡çµ
conjoin,to join together         ,(ä½¿)çµåˆ (ä½¿)é€£çµ (ä½¿)è¯åˆ
connoisseur,a person with good judgement (e.g.. in art)    ,é‘’è­˜å®¶ é‘’å®šå®¶ å…§è¡Œ
connotation,suggestion in addition to        ,å«è“„ å…§æ¶µ
consequential,pompous self important         ,é‡è¦çš„ æœ‰æ„ç¾©çš„
console,give comfort or sympathy to       ,æ§åˆ¶è‡ºæ§åˆ¶è‡ºå®‰æ…° è—‰æ…°
conspicuous,easily seen remarkable         ,é¡¯è‘—çš„ é¡¯çœ¼çš„ å‡ºçœ¾çš„
consternation,surprise and fear dismay        ,é©šæ„• ææ€– é©šæƒ¶å¤±æª
constrain,compel         ,å¼·è¿« å‹‰å¼· é©…ä½¿
constrict,make tight or smaller        ,å£“ç¸® æŸç·Š ä½¿æ”¶ç¸®å£“ç¸®
consume,get to the end of       ,æ¶ˆè€— æ¶ˆè²» æ¶ˆæ»…æ¶ˆæ»… æ¯€æ»…
consummate,perfect/make perfect/complete        ,å®Œæˆ ä½¿é”åˆ°æ¥µé»ç„¡ä¸Šçš„ è‡³ä¸Šçš„ å®Œç¾çš„
contemn,to scorn or despise        ,ä¾®è¾± è”‘è¦–
contentious,argumentative pugnacious combative quarrelsome        ,å¥½çˆ­åµçš„ æ„›çˆ­è«–çš„ æœ‰ç•°è­°çš„
contiguous,touching neighboring near         ,æ¯—é„°çš„ é„°è¿‘çš„ é€£æ¥çš„
contrite,filled with deep sorrow for wrongdoing      ,æ‚”æ‚Ÿäº†çš„ å¾Œæ‚”çš„ ç—›æ‚”çš„
contumacious,insubordinate rebellious          ,ä¸è½å‘½ä»¤çš„ é ‘å›ºçš„ åæŠ—æ³•é™¢å‘½ä»¤çš„
conundrum,a riddle dilemma enigma        ,è¬ é›£é¡Œ è¬æ¨£çš„äºº
conviction,convincing firm belief         ,å®šç½ª;ç¢ºä¿¡ ä¿¡æœ ä¿¡å¿µ
convoke,call together summon         ,å¬é›†
convoluted,complicated coiled twisted         ,æ—‹ç¹çš„;è¿´æ—‹ç‹€çš„
cordial,warm and sincere         ,èˆˆå¥®åŠ‘ è£œå“ç†±å¿±çš„ èª æ‡‡çš„ èˆˆå¥®çš„
cordon,line (of police acting as a guard)     ,å“¨å…µç·š éå¸¸è­¦æˆ’ç·š é£¾å¸¶ç”¨è­¦æˆ’ç·šåœä½
cornucopia,abundant supply        ,èšå¯¶ç›†
corporeal,physical of or for the body      ,è‚‰é«”çš„ æœ‰å½¢çš„ ç‰©è³ªçš„
correlate,have a mutual relation        ,æœ‰ç›¸äº’é—œç³»çš„æ±è¥¿ ç›¸é—œç‰©ä½¿æœ‰ç›¸äº’é—œç³»äº’ç›¸æœ‰é—œç³»
corroboration,additional strengthening evidence         ,ä½¿ç¢ºå¯¦ ç¢ºè¨¼ æœ‰ç¢ºè¨¼çš„äº‹å¯¦
countenance,to favor or approve of       ,é¢å®¹ é¢éƒ¨è¡¨æƒ… æ”¯æ´
counterfeit,forgery           ,è´—å“ å½é€ å“å‡å†’çš„ å‡è£çš„ä»¿é€  å½è£ å‡è£
countervail,counterbalance           ,è£œå„Ÿ æŠµéŠ·ä½éŠ·
covert,disguised           ,éš±è”½çš„ å·å·æ‘¸æ‘¸çš„ éš±å¯†çš„æ¨¹å¢ éš±è—è™•
covetous,eagerly desirous          ,å¦„ç¾¨çš„ äº‚è¦çš„ è²ªå©ªçš„
cower,crouch shrink back         ,ç•ç¸® é€€ç¸® æŠ–ç¸®
coy,shy/modest (esp of a girl)     ,â–¡è…†çš„ æ€•ç¾çš„ ç¾æ€¯çš„
crass,very great (es. stupidity)      ,ç²—é­¯çš„ æ„šéˆçš„ ç²—ç³™çš„ éå¸¸çš„
cravat,piece of linen worn as a necktie   ,é ˜å¸¶ åœå·¾ ä¸‰è§’ç¹ƒå¸¶
craven,cowardly           ,æ‡¦å¤« æ€¯æ‡¦è€… è†½å°é¬¼æ€¯æ‡¦çš„ ç•ç¸®çš„ è†½å°çš„
crease,line made by crushing white line on the ground in cricket ,çšºç—• æŠ˜ç—•(ä½¿)èµ·çšºç—•
credulity,too great a readiness to believe things     ,æ˜“ä¿¡ è¼•ä¿¡
credulous,ready to believe things        ,è¼•ä¿¡çš„ æ˜“è¢«ççš„ æ˜“å—é¨™çš„
crush,press lose shape subdue overwhelm       ,å£“ç¢ ç²‰ç¢ ç¾¤çœ¾ è¿·æˆ€å£“ç ´ å¾æœ æ²–å…¥ å¼„çšº æ“ å…¥è¢«å£“ç¢ èµ·çšº æ“ 
cryptic,secret with a hidden meaning       ,ç§˜å¯†çš„ ç¥ç§˜çš„ å«ç¾©æ¨¡ç³Šçš„ éš±è—çš„
cumbersome,burdensome heavy and awkward to carry      ,è¨å­çš„ éº»ç…©çš„ ç´¯è´…çš„
curmudgeon,bad-tempered person          ,å­˜å¿ƒä¸è‰¯çš„äºº é›£ä»¥å–æ‚…çš„äºº
curriculum,course of study         ,èª²ç¨‹
cursory,quick hurried          ,åŒ†åŒ†å¿™å¿™çš„ è‰ç‡çš„ ç²—ç•¥çš„
curtail,make shorter then was planned       ,ç¸®æ¸› å‰å¥ª ç°¡ç•¥
dainty,pretty/delicate(food)/difficult to please       ,é©å£çš„é£Ÿç‰©å„ªç¾çš„ è¬›ç©¶çš„ é©å£çš„
daunt,intimidate make fearful         ,å¨åš‡ é›£å€’ ä½¿æ°£é¤’
dawdler,person who is slow waste of time     ,éŠæ‰‹å¥½é–‘çš„äºº æ‡¶äºº
dearth,shortage           ,ç¼ºä¹ ç³§é£Ÿä¸è¶³ é£¢è¬¹
debacle,a breakup overthrow sudden disaster       ,å´©æ½° æ½°è£‚
decorum,propriety properness          ,ç«¯æ­£ ç¦®è²Œåˆå®œ ç¦®å„€
decree,order given by authority        ,æ³•ä»¤ åˆ¤æ±º è–æ—¨é ’å¸ƒ åˆ¤æ±ºç™¼å¸ƒå‘½ä»¤
decry,disapprove of          ,è²¬é›£ èª¹è¬— è©†æ¯€
defer,postpone give way (to show respect)      ,æ¨é² å»¶æœŸ è½å¾ä½¿æ¨é² ä½¿å»¶æœŸ
deferential,showing respect          ,æ­æ•¬çš„
defiance,open disobedience or resistance        ,æŒ‘æˆ° æŒ‘èˆ‹ è”‘è¦–
delineate,to portray depict sketch out       ,æç¹ªâ€¦çš„è¼ªå»“ æç¹ª æå¯«
deluge,great flood heavy rush of water      ,å¤§æ´ªæ°´ æ³›æ¿«ä½¿æ³›æ¿«
demagogue,person appealing not to reasons       ,ç…½å‹•è€… ç¾¤çœ¾ç…½å‹•è€…
demur,to hesitate raise objections        ,æå‡ºç•°è­° åå° æŠ—è¾¯ç•°è­° åå°
denigrate,blacken belittle sully defame        ,ä½¿è®Šé»‘ ç·æ±¡ è©†æ¯€
denouement,an outcome or solution the unraveling of a plot   ,çµå±€
deplete,use until none remains        ,è€—ç›¡ ä½¿è¡°ç«­
deposition,dethronement depositing          ,æ²ˆç©ä½œç”¨ æ²ˆç©ç‰©
deprave,make morally bad corrupt        ,ä½¿å¢®è½ ä½¿æƒ¡åŒ– ä½¿è…æ•—
deprecate,protest against express disapproval of       ,è²æ˜ä¸è´Šæˆ æŠ¨æ“Š åå°
dereliction,deserting and leaving to fall into ruins     ,ç„¡ä¸» æ‹‹æ£„ç‰©
derision,ridicule mockery deriding         ,å˜²ç¬‘
derivative,unoriginal obtained from another source       ,å¼•å‡ºçš„ ç³»å‡ºçš„å¼•å‡ºä¹‹ç‰© ç³»å‡ºç‰© è¡ç”Ÿå­—
derogatory,insulting tending to damage        ,è²¶æçš„
descry,catch sight of see smth in the distance    ,çœ‹å‡º çœ‹è¦‹ å¯Ÿçœ‹
desiccant,substance used to absorb moisture       ,ä½¿ä¹¾ç‡¥çš„
desuetude,cessation of use disuse        ,å»¢æ­¢ ä¸ç”¨
desultory,aimless haphazard digressing at random       ,æ•£æ¼«çš„ æ–·æ–·çºŒçºŒçš„ ä¸é€£è²«çš„
deter,discourage hinder          ,åˆ¶æ­¢ ä½¿æ–·å¿µ å¨æ‡¾
detraction,slandering verbal attack aspersion        ,èª¹è¬—;è²¬é›£;æ¯€æ
detumescence,diminishing or lessening of swelling       ,æ¶ˆè…«
deviance,being different in moral standards (from normal)     ,åå¸¸ï¼Œç•°å¸¸ï¼›ç•°å¸¸è¡Œç‚º
dexterity,skill (esp. in handling)        ,æ©Ÿå·§ éˆå·§ æ©Ÿæ•
diaphanous,transparent gauzy          ,é€æ˜çš„ ç²¾è‡´çš„
diatribe,bitter and violent attack in words      ,æƒ¡ç½µ èª¹è¬—
diffidence,shyness           ,ç„¡è‡ªä¿¡ å…§å‘ ç¾æ€¯
dilate,speak comprehensively become wider large       ,æ“´å¤§ è©³è¿° è†¨è„¹ä½¿è†¨è„¹
disallow,refuse to allow or accept as a correct    ,ä¸è¨± ä¸å‡† é§å›
discern,see with an effort but clearly      ,è¾¨åˆ¥ çœ‹æ¸…æ¥š
discomfit,confuse embarrass          ,æ‰“ç ´ æ•—èµ° æ‰“ç ´è¨ˆåŠƒ
disconcert,upset the self-possession of        ,ä½¿å›°æƒ‘ ä½¿å€‰çš‡å¤±æª ç ´å£
discountenance,refuse to approve of        ,ä½¿ä¸Ÿè‡‰ ä½¿è’™ç¾ ä½¿æ…Œå¼µä¸è´Šæˆ åå°
discourse,speech lecture          ,è«‡è©± æ¼”è¬›è«‡è«– æ¼”èªª
discredit,refuse to believe         ,ç„¡ä¿¡ç”¨ ç–‘æƒ‘ ä¸åè­½ä¸ä¿¡ æ‡·ç–‘ ä½¿ä¸Ÿè‡‰
discreet,careful/prudent         ,å°å¿ƒçš„ æ…é‡çš„
discrete,individually distinct        ,é›¢æ•£çš„ä¸é€£çºŒçš„
disdain,look on with contempt        ,è¼•è”‘è”‘è¦– é„™æ£„
disencumber,free from encumbrance         ,é™¤å»éšœç¤™ç‰© æ“ºè„«ç…©æƒ±
disheveled,untidy           ,æ•£äº‚çš„;è“¬æ•£çš„
disingenuous,sophisticated artful trying to deceive cunning      ,ä¸è€å¯¦çš„ ä¸èª å¯¦çš„ è™›å½çš„
disinter,dig up from the earth       ,æ˜å‡º ç™¼æ˜ é¡¯éœ²
dislodge,move force from the place occupied      ,é€å‡º ä½¿ç§»å‹• é©…é€é›¢é–‹åŸä½
dismal,sad gloomy miserable         ,é™°æ²ˆçš„ æ·’æ¶¼çš„ æš—çš„ä½è½çš„æƒ…ç·’ æ²¼æ¾¤
disparate,essentially different          ,ä¸åŒçš„ å…¨ç•°çš„ ä¹–é›¢çš„ç„¡æ³•ç›¸æ¯”çš„æ±è¥¿
disproof,proof to the contrary      ,åè¨¼ åé§
dissemble,speak or behave so as to hide smth (in mind)  ,æ©é£¾ å‡è£ä¸çŸ¥é“
disseminate,distribute (esp. ideas)         ,æ•£æ’­ å‚³æ’­ å®£å‚³å»£ç‚ºå‚³æ’­
dissent,have a different opinion refuse to assent     ,ä¸åŒæ„ ä¸åŒæ”¿è¦‹ ç•°è­°
dissolution,disintegration looseness in morals        ,åˆ†è§£ æº¶è§£ è§£æ•£ çµæŸ
distraught,distracted violently upset in mind       ,ç…©æƒ±çš„ å¿ƒç—›çš„ ç™¼ç‹‚çš„
divergence,getting farther apart from a point      ,åˆ†æ­§
divestiture,taking off getting rid of giving up     ,å‰å¥ª;å¥ªå–;è„«å»
divulge,make known smth secret        ,æ³„éœ² æš´éœ²
doggerel,trivial poorly constructed verse        ,æ‰“æ²¹è©©
dogmatic,positive certain arbitrary without room for discussion     ,æ•™æ¢çš„ ç¨æ–·çš„
dolt,stupid fellow          ,å‘†å­ ç¬¨è›‹ å‚»ç“œ
dormant,in a state of inactivity but awaiting development    ,ç¡çœ ç‹€æ…‹çš„ éœæ­¢çš„
dote,show much fondness center one's attention      ,æººæ„›;æ˜èµ æ™ºåŠ›è¡°é€€
drawl,slow way of speaking      ,æ‡¶æ´‹æ´‹åœ°èªª åšä½œè€Œæ…¢æ…¢åœ°èªªæ‡¶æ´‹æ´‹çš„èªªè©±æ…‹åº¦
droll,jesting         ,å¥½ç¬‘çš„ æ»‘ç¨½çš„ é€—è¶£çš„
drone,male bee person who isn't self-employed      ,é›„èœ‚ æ‡¶æƒ°è€… å—¡å—¡çš„è²éŸ³ é¶æ¨™å—¡å—¡ä½œè² æ··æ—¥å­ä½æ²ˆåœ°èªªå‡º
drowsiness,feeling sleepy half asleep        ,ç¡æ„
dubious,feeling doubt          ,å¯ç–‘çš„ ä¸ç¢ºå®šçš„
dud,no use person smth that fails      ,è¡£æœ å•å½ˆ ç„¡ç”¨ç‰©ç„¡ç”¨çš„
dulcet,melodious harmonious          ,å„ªç¾çš„ ç¾å¦™çš„ ç¾å‘³çš„ æ‚…è€³çš„
dupe,cheat make a fool of       ,å‚»ç“œ æ˜“å—é¨™çš„äººæ¬ºé¨™ æ„šå¼„
duplicity,deliberate deception          ,å£æ˜¯å¿ƒé ä¸èª å¯¦ è¡¨ï¿½å £ã„“@
duress,threats to compel smb        ,å¼·è¿« ç›£ç¦
dwarf,person or smb much below the usual size    ,çŸ®å­ ä¾å„’(ä½¿)è®ŠçŸ®å°
dynamo,a generator something that produces electric current     ,ç™¼é›»æ©Ÿ
earthenware,dishes made of baked clay       ,åœŸå™¨;é™¶å™¨
ebullience,exuberance outburst of feeling        ,æ²¸é¨° ç†±æƒ… ç†±æƒ…æ´‹æº¢
ebullient,overflowing with enthusiasm showing excitement       ,æ²¸é¨°çš„ ç†±æƒ…çš„ ç†±æƒ…æ´‹æº¢çš„
ecumenical,representing the whole Christian world       ,ä¸€èˆ¬çš„;æ™®é€šçš„
edacious,voracious devouring          ,è²ªåƒçš„ ç‹¼åè™å’½çš„
eddy,circular or spiral movement (e.g.. of wind)     ,é€†æµ æ¼©æ¸¦(ä½¿)èµ·æ¼©æ¸¦
edible,fit to be eaten/not poisonous     ,é£Ÿå“ é£Ÿç‰©å¯é£Ÿç”¨çš„
effete,infertile worn out weak        ,ç­‹ç–²åŠ›ç›¡çš„ ç–²æ†Šçš„ è¡°å¾®çš„
efficacy,production of a desired result       ,åŠŸæ•ˆ æ•ˆåŠ›
effluvia,outflow in a stream of particles a noxious odor or vapor ,effluviumçš„å¾©æ•¸å½¢
effrontery,boldness impudence arrogance         ,åšé¡ç„¡æ¥
egress,way out exit         ,å‡ºå£ å¤–å‡ºå¤–å‡º
elaborate,worked out with much care in great detail    ,ç²¾ç´°çš„ è©³ç›¡çš„ ç²¾å¿ƒçš„è©³ç´°åœ°èªªæ˜ ç”¨å¿ƒåœ°è£½ä½œ æ¨æ•²è®Šå¾©é›œ
elegy,a lament a melancholy composition       ,æ‚²æ­Œ å“€æ­Œ æŒ½æ­Œ
elicit,draw out          ,å¼•å‡º æŠ½å‡º å¼•èµ·
eloquence,fluent speaking skillful use of language      ,å£æ‰ é›„è¾¯è¡“ é›„è¾¯
emaciate,make thin and weak        ,ä½¿æ¶ˆç˜¦ ä½¿æ†”æ‚´æ¶ˆç˜¦
embellish,make beautiful          ,ä¿®é£¾ è£é£¾ æ½¤è‰²
embezzle,use in a wrong way for one's own benefit   ,ç›œç”¨ æŒªç”¨
emote,stir up excite         ,èª‡å¼µåœ°ä½œç‚º è¡¨ç¾æ„Ÿæƒ…
empirical,relying on experiment         ,å®Œå…¨è·Ÿæ“šç¶“é©—çš„ ç¶“é©—ä¸»ç¾©çš„
encapsulate,enclose in capsule         ,è£å…¥è† å›Š å°é€²å…§éƒ¨ å£“ç¸®å½¢æˆè† å›Š
encomium,warm or glowing praise eulogy panegyric      ,è´Šè¾­ ç¨±è´Š è´Šç¾
encumbrance,burden things that get on the way of    ,é˜»ç¤™ å¦¨å®³ç‰© ç´¯è´…
endearing,making dear or liked        ,å¼•èµ·æ„›æƒ…çš„ ä»¤äººé˜æ„›çš„ å¯æ„›çš„
endemic,epidemic           ,åœ°æ–¹ç—… é¢¨åœŸç—…é¢¨åœŸçš„ åœ°æ–¹çš„
endorse,write one's name on the back of     ,èƒŒé¢ç°½å­— èƒŒç°½;ç°½ç½² æ‰¹è¨» æ‰¹å‡† è´Šæˆ
enduring,lasting           ,æŒä¹…çš„ ä¸æœ½çš„
enervate,weaken deprive of strength attenuate       ,ä½¿è¡°å¼±è¡°å¼±çš„ ç„¡åŠ›çš„
engender,cause produce give rise to       ,ç”¢ç”Ÿ å¼•èµ·ç™¼ç”Ÿ å½¢æˆ
engrave,impress deeply          ,é›•åˆ» é«åˆ»;ç‰¢è¨˜ éŠ˜è¨˜
engrossing,taken up all the time or attention writing in large or formal,ç¹ªåˆ¶å¤§å‹èŠ±é£¾å­—
engulf,swallow up          ,æ²å…¥ å¸é€² æŠ•å…¥æ·±æ·µ åæ²’ ä½¿å…¨ç¥è²«æ³¨
enigma,smth that is puzzling        ,è¬ ä¸å¯æ€è­°çš„æ±è¥¿
enmity,hatred being an enemy        ,æ•µæ„ æ†æ¨
ensign,flag/badge         ,åœ‹æ—— æµ·è»å°‘å°‰ æŒæ——å®˜ å¾½ç« 
entangle,put into difficulties         ,ä½¿ç³¾çº æ²å…¥ ä½¿æ··äº‚
enthral,please greatly/enslave (fig)       ,è¿·æƒ‘;è¿·é†‰;è¿·ä½;å¥´å½¹
entice,tempt or persuade       ,èª˜é¨™ å¼•èª˜ æ…«æ¿
entreat,ask earnestly          ,æ‡‡æ±‚ ä¹æ±‚
enunciate,pronounce (words)/express a theory      ,æ˜ç¢ºåœ°æ•˜è¿° è¡¨æ˜ç™¼éŸ³
enzyme,catalyst           ,â–¡
epicurean,devoted to pleasure (sensuous enjoyment)       ,äº«æ¨‚ä¸»ç¾©è€… ç¾é£Ÿå®¶ ä¿¡å¥‰ä¼Šæ¯”é³©é­¯å­¸èªªè€…è²ªå£ç¦çš„ äº«æ¨‚ä¸»ç¾©çš„
epistle,letter           ,æ›¸ä¿¡
epithet,adjective           ,æ¸¾å ç¶½è™Ÿ ç¨±è™Ÿ
epitome,brief summary representative example a typical model     ,æ¦‚è¦ ç¸®å½± æ¦‚æ‹¬
equable,steady regular          ,å¹³éœçš„ è®Šå‹•å°çš„
equanimity,calmness of temperament         ,å¹³éœ é®å®š æ²ˆè‘—
equilibrium,state of being balanced        ,å¹³è¡¡ å‡è¡¡ å‡å‹¢
equipoise,equal distribution of weight equilibrium       ,å¹³è¡¡ å‡è¡¡ä½¿å¹³è¡¡ ä½¿ç›¸ç¨± ä½¿ç›¸æŒä¸ä¸‹
equivocal,having a double or doubtful meaning suspicious     ,æ„ç¾©ä¸æ˜ç¢ºçš„ æ¨¡æ£±å…©å¯çš„
equivocate,try to deceive by equivocal language      ,èªªæ¨¡æ£±å…©å¯çš„è©± æ”¯å¾
eradicate,get rid of pull up by the roots    ,æ ¹é™¤ æ’²æ»… æ ¹çµ• æ¶ˆæ»…
erratic,irregular in behaviour or opinion       ,å¤æ€ªçš„äºº æ¼‚æ³Šç„¡å®šçš„äººä¸ç©©å®šçš„ å¥‡æ€ªçš„
erudite,learned scholarly          ,åšå­¸çš„åšå­¸è€…
eschew,avoid         ,é¿é–‹ é é¿
esoteric,abstruse intended only for a small circle of    ,ç§˜æ•™çš„ å¥§ç§˜çš„ ç§˜å‚³çš„
espouse,marry give one's support to       ,ä¿¡ä»° ä¿¡å¥‰ æ“è­·;å«å¨¶
eulogy,formal praise panegyric         ,è´Šè© é Œå¾·æ–‡
euphoria,elation state of pleasant excitement       ,å®‰æ¨‚æ„Ÿ é™¶é†‰ é™¶é†‰æ„Ÿ
euthanasia,easy and painless death        ,å®‰æ¨‚æ­»
evasive,tending to evade       ,é€ƒé¿çš„ å›é¿çš„ æ‰˜è¾­çš„
evince,to show clearly to indicate       ,è¡¨æ˜ è¡¨ç¤º
evoke,call up bring out        ,å–šèµ· å¼•èµ·
excoriation,severe criticism          ,è¡¨çš®è„«è½ åš´å²çš„è²¬é›£ è‹›è²¬
exculpate,to clear from a charge of guilt     ,ä½¿ç„¡ç½ª åˆ†è¾¯ è¾¯è§£ é–‹è„«
exhaustive,complete thorough          ,æœƒè€—ç›¡çš„ å¾¹åº•çš„ è©³ç›¡ç„¡éºçš„
exigency,emergency an urgent situation        ,ç·Šæ€¥ æ€¥è¿« è‹›æ±‚ ç·Šæ€¥äº‹ä»¶
exoneration,set smb clear free (e.g.. from blame)     ,é‡‹ç½ª å…ç½ª å…é™¤
exorbitant,much too high or great       ,éåº¦çš„ éé«˜çš„ éåˆ†çš„
expatiate,to roam wander freely        ,è©³è¿° ç´°èªª
expedient,likely to be useful for a purpose     ,æ¬Šå®œä¹‹è¨ˆ è‡¨æ™‚æ‰‹æ®µæ¬Šå®œçš„ æ–¹ä¾¿çš„ æœ‰ç”¨çš„
expiation,ending expiring          ,è´–ç½ª è£œå„Ÿ
exploit,brilliant achievement develop use selfishly       ,å‰å‰Š é–‹ç™¼ åˆ©ç”¨åŠŸå‹ åŠŸç¸¾ åŠŸå‹›
expostulate,argue earnestly to dissuade correct or protest     ,å‹¸èª¡ å¿ å‘Š æŠ—è­°
expurgate,to remove obscenity purify censor       ,åˆªé™¤ ä¿®è¨‚ ä½¿ç´”æ½”
exscind,to cut out cut away       ,åˆ‡é™¤ åˆ‡æ–·
extant,still in existence         ,ç¾å­˜çš„ æœªæ¯€çš„
extempore,without previous thought or preparation     ,å³å¸­çš„ ç•¶å ´çš„å³å¸­ ç•¶å ´å³å¸­ä¹‹ä½œ
extenuate,reduce the strength of lessen seriousness partially excuse    ,æ¸›è¼• ä½¿äººåŸè«’
extinct,no longer active         ,ç†„æ»…çš„ æ»…çµ•çš„ è€—ç›¡çš„
extinguish,end the existence of/wipe or put out   ,ç†„æ»… æ¶ˆæ»… å„Ÿæ¸…
extirpate,to destroy exterminate cut out exscind      ,æ¶ˆæ»… æ ¹é™¤ æ¯€æ»…
extol,praise highly          ,é Œæš ç¨±è´Š å¹æ§
extort,obtain by threats violence        ,å‹’ç´¢ æ•²è© å¼·è¦
extralegal,outside the law         ,ä¸å—æ³•å¾‹æ”¯é…çš„
extricable,that can be freed        ,å¯æ•‘å‡ºçš„ å¯è§£æ•‘çš„
extrovert,cheerful person          ,å¤–å‘çš„äºº
exuberance,state of growing vigorously being full of life    ,èŒ‚ç›› å¥åº· è±å¯Œ
facetious,humorous funny jocular         ,æ»‘ç¨½çš„ æ„›é–‹ç©ç¬‘çš„
facile,easily done          ,æº«å’Œçš„ å®¹æ˜“çš„ éˆå·§çš„
fallacious,based on error         ,ä½¿äººèª¤è§£çš„ è¬¬èª¤çš„ ä¸åˆç†çš„
falter,waver/move in an uncertain manner     ,æ”¯å¾åœ°èªª é²ç–‘æ”¯å¾ è¹£è·šåœ°èµ°é¡«æŠ– æ”¯å¾ èºŠèº‡
fatuous,without sense foolish self-satisfaction        ,ç™¼å‘†çš„ æ„šç¬¨çš„ è‡ªæ»¿çš„
fawn,young deer try to win smb's favor     ,å°é¹¿å¥‰æ‰¿ é¬§è‘—ç© æ’’å¬Œ
feckless,lacking purpose or vitality ineffective careless      ,æ²’ç²¾ç¥çš„ è»Ÿå¼±çš„ ç„¡ç”¨çš„
fecund,fertile           ,å¤šç”¢çš„ è±é¥’çš„ è‚¥æ²ƒçš„
feint,pretend           ,å½è£ å‡è£ å‡è¨— ä½¯æ”»è£ä½œ å‡è£ ä½¯æ”»å‡çš„ è™›é£¾çš„
felicitous,apt suitably expressed well chosen apropos      ,å·§å¦™çš„ æ¥µç‚ºé©ç•¶çš„ å¯å–œçš„
felon,person guilty of murder        ,é‡ç½ªäºº è›‡é ­ ç˜­ç–½
ferment,substance become excited         ,é…µç´  ç™¼é…µ å‹•äº‚(ä½¿)ç™¼é…µ (ä½¿)å‹•äº‚
ferocity,savage cruelty          ,å…‡çŒ› æ®˜å¿ ç‹‚æš´çš„è¡Œç‚º
ferret,discover by searching search        ,ç™½é¼¬ é›ªè²‚ åµæ¢ ç´°å¸¶ç”¨é›ªè²‚æ‰“çµ æœå‡º é©…å‡ºæœç´¢
fervid,showing earnest feeling         ,ç†±çš„ ç†±å¿ƒçš„
fervor,warmth of feelings earnestness        ,ç†±æƒ… ç†±å¿ƒ ç†¾ç†±
fetid,stinking         ,æœ‰æƒ¡è‡­çš„
fetter,to shackle put in chains       ,è…³é ç¾ˆçµ† æŸç¸›æŸç¸› åŠ è…³é
feud,bitter quarrel over a long period of time    ,ä¸å’Œ å°åœ° çˆ­åŸ·é•·æœŸä¸å’Œ é•·æœŸçˆ­é¬¥
fidelity,loyalty accuracy          ,å¿ å¯¦ èª å¯¦ å¿ èª  ä¿çœŸåº¦
fidget,move restlessly make nervous        ,æ…Œå¼µ æ€¥æ€¥å¿™å¿™ åè‡¥ä¸å®‰ä½¿ç…©äº‚ ä½¿ä¸å®‰æ€¥æ€¥å¿™å¿™ èºŠèº‡
figurehead,carved image on the prow of a ship    ,è£é£¾èˆ¹é ­çš„äººåƒ ç ´æµªç¥ å‚€å„¡é ˜è¢–
finesse,delicate way of dealing with a situation     ,ç²¾å¯†æŠ€å·§ éˆå·§ ç­–ç•¥ç”¨è¨ˆè¬€è™•ç† å‡ºå°ç‰Œ
finical,too fussy about food clothing etc.      ,éåˆ†æ³¨æ„çš„ éåˆ†å‘¨åˆ°çš„ éåˆ†è¬›ç©¶çš„
finicky,finical           ,éåˆ†æ³¨æ„çš„ éåˆ†å‘¨åˆ°çš„ éåˆ†è¬›ç©¶çš„
fission,splitting or division (esp. of cells)      ,è£‚é–‹ åˆ†è£‚ è£‚è®Š
fixate,stare at          ,è¦–ç·šç§»å‘ æ³¨è¦–ä½¿å›ºå®š æ³¨è¦–
flak,criticism/anti-aircraft guns        ,é«˜å°„ç‚® å°ç©ºç‚®ç«å»£å‘Š å®£å‚³
flamboyant,brightly colored florid         ,è¼è€€çš„ è¯éº—çš„ ç«ç„°ä¼¼çš„
flaunt,show off complacently         ,ç‚«è€€ é£„æšç‚«è€€ é£„æš
flax,pale yellow (hair) a plant       ,äºéº» éº»å¸ƒ äºéº»ç¹”å“
fledge,able to fly trained experienced       ,å–‚é¤Š ç”¨ç¾½æ¯›è“‹ä¸Š è£ä¸Šç¾½æ¯›é•·ç¾½æ¯›
fleet,number of ships quick-moving        ,è‰¦éšŠ æ¸¯ç£ å°æ²³ éšŠå¿«é€Ÿçš„ æ•æ·çš„ æ·ºçš„æ·ºç–¾é¦³ é£›é€
flinch,draw move back wince        ,ç•ç¸® é€€ç¸® ç•é¦–ç•å°¾é€€ç¸® ä¸€ç¨®æŠŠç‰Œå †ç©åœ¨æ¡Œä¸Šçš„éŠæˆ²
flop,fail/move/fall clumsily        ,ç °ç„¶è½ä¸‹ æ‹æ“Šè² å¤±æ•—ç¬¨é‡çš„æ‘” çŒ›è½ç¬¨æ‹™åœ°æ‹‹ä¸‹å™—é€š
florid,very much ornamented naturally red (e.g.. of face)    ,è¯éº—çš„ ç´…æ½¤çš„
flout,reject mock to go against (as in going against tradition)  ,å˜²ç¬‘ æ„šå¼„è¡¨ç¤ºè¼•è”‘å˜²ç¬‘ æ„šå¼„ è¼•è¦–
fluke,lucky stroke        ,åƒ¥å¹¸æˆåŠŸéŒ¨çˆª æ¯”ç›®é­š åƒ¥å¹¸ å€’æ¥£
fluster,make nervous or confused        ,æ…Œäº‚ ç‹¼ç‹½ æ··äº‚ æ¿€å‹•ä½¿é…©é†‰ ä½¿æ…Œå¼µ ä½¿æ¿€å‹•æ··äº‚
foible,defect of character (a person is wrongly proud)    ,å¼±é» ç¼ºé» è‡ªè² çš„åœ°æ–¹
foil,prevent from carrying out contrast       ,ç®” çƒ˜æ‰˜ è¥¯æ‰˜è¥¯æ‰˜ é˜»æ­¢ æ“‹é–‹ æŒ«æ•— è²¼ç®”æ–¼
foment,put smth warm (to lessen the pain)     ,ç†±ç½¨ ç…½å‹•
foolproof,incapable of failure or error     ,ååˆ†ç°¡å–®æ˜ç­çš„;ååˆ†å®‰å…¨çš„ æ¥µå …å›ºçš„ æœ‰é˜²å‚™çš„
foppish,like a man who pays too much attention to his clothes ,æµ®è¯çš„ è‰·å†¶çš„ çŸ¯é£¾çš„ ç´ˆâ–¡çš„
forage,food for horses and cattle     ,ç³§è‰ é£¼æ–™ æœå°‹ç³§è‰å–‚ æ å¥ª æœå°‹æœå°‹ç³§è‰ æ å¥ª
forbear,refrain from be patient ancestor       ,å¿è€ å…‹åˆ¶ å®¹å¿ç¥–å…ˆ
forbearance,patience willingness to wait        ,ç¯€åˆ¶ è‡ªè£½ å¿è€
ford,shallow place in a river (to cross)     ,æ·ºç˜æ¶‰é æ¶‰æ°´ç¦ç‰¹è»Š
forestall,prevent by taking action in advance preempt     ,å…ˆâ€¦ä¸€æ­¥è¡Œå‹• ä½”å…ˆä¸€æ­¥ å£Ÿæ–· é˜»ç¤™
forfeit,suffer the loss of smth       ,æ²’æ”¶ç‰© ç½°é‡‘ å–ªå¤±æ²’æ”¶ å–ªå¤±å–ªå¤±äº†çš„
forge,workshop for the shaping of metal to shape metal lead  ,ç†”çˆ éµå·¥å» æ‰“åˆ¶ é›ç…‰ å½é€ é›é€  å½é€ 
forgery,counterfeit           ,å½é€  å½é€ ç½ª å½é€ ç‰©
forswear,renounce disallow repudiate         ,ç™¼èª“æ‹‹æ£„ ç™¼èª“å¦å®šä½œå½è¨¼
foster,nurture care for         ,æ”¶é¤Šçš„ é¤Šè‚²çš„é¤Šè‚² æ’«è‚² åŸ¹é¤Š é¼“å‹µ æŠ±(å¸Œæœ›)
fracas,noisy quarrel        ,å–§å™ª åµé¬§ ç´›æ“¾
fragile,easily injured broken or destroyed       ,æ˜“ç¢çš„ è„†çš„
fragrant,sweet-smelling           ,èŠ¬é¦™çš„ é¦¥é¬±çš„ æ„‰å¿«çš„
frantic,wildly excited with joy pain anxiety      ,ç‹‚äº‚çš„ ç˜‹ç‹‚çš„
frenetic,frantic frenzied          ,ç™¼ç‹‚çš„ ç‹‚ç†±çš„ç™¼ç‹‚è€…
fret,worry irritation wear away        ,ç…©èº ç£¨æ ç„¦æ€¥ ç¶²ç‹€é£¾ç‰©ç…©æƒ± ä¸æ»¿ ç£¨æä½¿ç…©æƒ± è…è• ä½¿ç£¨æ
fringe,edge ornamental border part of hair over the forehead   ,é‚Šç·£ ç«¯ æµè˜‡ ç©— åˆæ­¥åŠ é£¾é‚Šæ–¼é‚Šç·£çš„ é™„åŠ çš„
froward,intractable not willing to yield or comply stubborn    ,é ‘å›ºçš„ å›ºåŸ·çš„ å‰›æ„çš„
frugal,careful economical          ,ç¯€å„‰çš„ æ¨¸ç´ çš„
fulmination,bitter protest          ,é–ƒé›» çˆ†é³´ çˆ†ç™¼
fulsome,disgusting offensive due to excessiveness       ,éåº¦çš„ éåˆ†çš„ ä»¤äººç”Ÿå­çš„
gainsay,to deny to oppose,å¦èª å¦å®š;åå° åé§
garble,make unfair selection from facts     ,æ–·ç« å–ç¾© æ··æ·†
garment,article of clothing         ,è¡£æœ è¡£è£ å¤–è¡¨
garner,to gather and save to store up     ,ç©€å€‰ ç©è“„å„²å­˜ è²¯è—
garrulity,talkativeness           ,é¥’èˆŒ å¤šå˜´
garrulous,too talkative          ,é¥’èˆŒçš„ å¤šå˜´çš„ å•å•¾ä¸ä¼‘çš„
gaucherie,socially awkward tactless behavior        ,ç¬¨æ‹™ ç²—é­¯ ç„¡ç¦®
germane,relevant pertinent to         ,æœ‰å¯†åˆ‡é—œç³»çš„;é©åˆ‡çš„
gist,the point general sense        ,è¦é» è¦æ—¨ ä¾æ“š
glean,gather facts in small quantities       ,æ‹¾è½ç©— æ”¶é›†
glib,ready and smooth but not sincere      ,èƒ½èªªå–„é“çš„
glimmer,weak/unsteady light        ,ä¸€çµ²å…‰ç·š å¾®å…‰ç™¼å¾®å…‰
gloat,over look at with selfish delight      ,æ»¿è¶³åœ°çœ‹ ç¨è‡ªæš—ç¬‘ è²ªå©ªåœ°ç›¯è²ªå©ªçš„ç›¯è¦– æ»¿è¶³çš„æ³¨è¦– å¹¸ç½æ¨‚ç¦
glut,supply to much fill to excess      ,å¤§é‡ å……æ–¥ åƒé£½ä½¿å……æ»¿ ä½¿åƒé£½ éå¤šä¾›æ‡‰ç‹¼åè™å’½
gnaw,waste away bite steadily        ,å’¬ å•ƒ æ¶ˆè€— æŠ˜ç£¨ ä¾µè•
goad,smth urging a person to action      ,åˆºæ£’ æ¿€å‹µç‰© åˆºæ¿€ç‰©ç”¨åˆºæ£’é©…è¶• æ¿€å‹µ åˆºæ¿€ å”†ä½¿ ç…½å‹•
gorge,eat greedily/narrow opening with a stream    ,å³½ç©€ é£½é£Ÿ å’½å–‰ç‹¼åè™å’½å¡é£½
gossamer,soft light delicate material        ,å°èœ˜è››ç¶² è››çµ² è¼•è€Œå¼±è€… è–„ç´—è–„å¼±çš„ è¼•é£„é£„çš„
gouge,tool for cutting grooves in wood      ,åœ“é‘¿ æº ä»¥åœ“é‘¿åˆ¨ç”¨åœ“é‘¿å­å‰Šé™¤ æŒ–å‡º æ¬ºé¨™
grandiloquent,using pompous words       ,èª‡å¼µçš„ èª‡å¤§çš„ æµ®èª‡çš„
grave,serious requiring consideration         ,å¢“ç©´ å¢³å¢“ é›•åˆ»å·¥ æŠ‘éŸ³èŠé‡çš„ åš´è‚…çš„ é‡å¤§çš„ ä½æ²ˆçš„é›•åˆ»
graze,touch or scrape lightly in passing    ,åƒè‰ æ”¾ç‰§ æ“¦å‚· è¼•æ“¦(ä½¿)åƒè‰ æ”¾ç‰§ è¼•æ“¦ æ“¦å‚·
gregarious,living in societies liking the company      ,ç¤¾äº¤çš„ ç¾¤å±…çš„
grievous,causing grief or pain serious dire grave     ,ç—›è‹¦çš„ åš´é‡çš„ å……æ»¿æ‚²å‚·çš„
grovel,crawl humble oneself         ,è¶´ åŒåŒ å‘èº¬å±ˆè†
guile,deceit cunning          ,ç‹¡çŒ¾ ç‹¡è¨ˆ
gullible,easily gulled          ,æ˜“å—é¨™çš„
gush,burst out suddenly/talk ardently      ,æ¹§å‡º æ»”æ»”ä¸çµ•çš„è¬›è©±æ¹§å‡º è¿¸å‡º æ»”æ»”ä¸çµ•çš„è¬›è©±
gust,outburst of feeling sudden rain wind fire etc.    ,é™£é¢¨ ä¸€é™£ è¿¸ç™¼
hack,cut roughly hired horse        ,åŠˆ ç  ç ç—• å‡ºç§Ÿè»Š ä¹¾å’³ é£¼è‰æ¶ æ›¬æ¶ é¶´å˜´é‹¤åŠˆ ç  å‡ºç§Ÿ ç”¨èˆŠåŠˆ
halcyon,calm and peaceful       ,æƒ³è±¡ä¸­çš„ä¸€ç¨®é³¥ å½¢åŒç¿ é³¥ ç¿ é³¥å¯§éœçš„ å¹³ç©©çš„ ç¿ é³¥çš„
hallow,to make holy consecrate        ,ä½¿â€¦ç¥è– è¦–ç‚ºç¥è–è–å¾’
harangue,a long passionate speech        ,ç†±çƒˆçš„è¨è«– é•·ç¯‡å¤§è«– èª‡å¼µçš„è©±å‘â€¦èª‡å¤§åœ°è¬›è©±
harbinger,smth or smb that foretells the coming of    ,å…ˆè¡Œå®˜ å…ˆé©… é å…†é å‘Š é ç¤º ä½œç‚ºâ€¦çš„å…ˆé©…
harrow,to distress create stress or torment      ,è€™ å“ˆç¾…å…¬å­¸è€™æ˜ å‚·å®³ ä½¿è‹¦æƒ±è¢«è€™æ¾
haughty,arrogant conceited          ,å‚²æ…¢çš„ é©•å‚²çš„ ä¸éœçš„
heed,attention/give notice to       ,æ³¨æ„ ç•™å¿ƒæ³¨æ„ ç•™å¿ƒ
heinous,odious (of crime)         ,å¯æ†çš„ æ¥µæƒ¡çš„
heresy,belief contrary to what is generally accepted     ,ç•°ç«¯ ç•°æ•™
hermetic,sealed by fusion         ,å¯†å°çš„;ç…‰é‡‘è¡“çš„;ç¥å¯†çš„
heterogeneous,made up of different kinds       ,ç•°ç¨®çš„ ç•°è³ªçš„ ç”±ä¸åŒæˆåˆ†å½¢æˆçš„
hew,make by hard work cut (by striking)     ,ç  ç å€’ ç æˆç  åŠˆ å …æŒ
highbrow,(person) with superior tastes      ,çŸ¥è­˜åˆ†å­ è³£å¼„çŸ¥è­˜çš„äººè‡ªç‚«åšå­¸çš„ çŸ¥è­˜åˆ†å­çš„ ä¸åˆ‡å¯¦éš›çš„
hirsute,hairy shaggy          ,å¤šæ¯›çš„ æœ‰ç²—æ¯›çš„
hoax,mischievous trick played on smb for a joke    ,æ¬ºé¨™ å“„é¨™ æ„šå¼„æ„šå¼„äºº æƒ¡ä½œåŠ‡
hoi,polloi the masses the rabble       ,hoi polloi  åº¶æ°‘
hollow,not soled with hole        ,æ´ çªŸçª¿ å±±è°·ç©ºçš„ è™›å½çš„ ç©ºè…¹çš„ å‡¹çš„å½¢æˆç©ºæ´æŒ–ç©º
holster,leather case for a pistol       ,æ‰‹æ§ç”¨çš„çš®å¥—
homiletics,act of preaching       ,èªªæ•™è¡“
hone,stone used for sharpening tools       ,ç£¨åˆ€çŸ³ æŠ±æ€¨ æƒ³å¿µç”¨ç£¨åˆ€çŸ³ç£¨
hoodwink,trick mislead          ,é®çœ¼ è’™è”½ æ¬ºé¨™
hospitable,liking to give hospitality        ,å¥½å®¢çš„ æ‹›å¾…å‘¨åˆ°çš„
hubris,arrogant pride          ,å‚²æ…¢ é©•å‚²
hush,make or become silent      ,è‚…éœ å®‰éœ æ²ˆé»˜(ä½¿)è‚…éœ (ä½¿)å®‰éœ (ä½¿)ç·˜é»˜
husk,worthless outside part of anything       ,å¤–æ®¼ çš® ç„¡åƒ¹å€¼ä¹‹ç‰©å‰â€¦çš„æ®¼ å‰Šçš®
hypocrisy,falsely making oneself appear to be good     ,å½å–„
iconoclast,person who attacks popular beliefs       ,å¶åƒç ´å£è€… æå€¡æ‰“ç ´èˆŠç¿’çš„äºº
idiosyncrasy,personal mannerism          ,ç‰¹è³ª ç‰¹æ€§
idolatry,excessive admiration of         ,å¶åƒå´‡æ‹œ é‚ªç¥å´‡æ‹œ ç›²ç›®çš„å´‡æ‹œ
idyll,a carefree episode or experience       ,ç”°åœ’è©©;ç‰§æ­Œ;ç”°åœ’æ–‡å­¸.æ›²
ignoble,dishonorable common undignified         ,å‘è³¤çš„ å‘é„™çš„ ä¸åè­½çš„
ignominious,shameful dishonorable undignified disgraceful        ,å¯æ¥çš„ ä¸åè­½çš„ ä¸‹æµçš„
illicit,unlawful forbidden          ,ä¸æ³•çš„ ä¸æ­£çš„ ç¦æ­¢çš„
imbroglio,complicated and embarrassing situation        ,ç´›äº‚ ç³¾è‘› ç´›æ“¾ ä¸€åœ˜ç³Ÿ
immaculate,pure faultless          ,ç„¡æ±™é»çš„ ç´”æ½”çš„ ç„¡ç‘•çš„ ç„¡ç¼ºé»çš„ ç„¡è¾œçš„
imminent,likely to come or happen soon      ,å³å°‡ä¾†è‡¨çš„ é€¼è¿‘çš„
immutable,that cannot be changed        ,ä¸å¯è®Šçš„ ä¸è®Šçš„ ä¸èƒ½è®Šçš„
impair,worsen diminish in value        ,æå®³ æ¸›å°‘ å‰Šå¼±
impassive,unmoved feeling no sign of passion      ,ç„¡æ„Ÿæƒ…çš„ å†·æ·¡çš„ ç„¡æ„Ÿè¦ºçš„ å¹³éœçš„ ä¸å‹•çš„
impecunious,having little or no money       ,æ²’æœ‰éŒ¢çš„ èº«ç„¡åˆ†æ–‡çš„ è²§çª®çš„
impede,hinder get in the way of      ,å¦¨ç¤™ é˜»ç¤™ é˜»æ­¢
impediment,smth that hinders (e.g. stammer)       ,å¦¨ç¤™ é˜»ç¤™ é˜»æ­¢ å£åƒ è¡Œæ
impending,imminent being about to happen expected      ,é€¼è¿«çš„ è¿«åˆ‡çš„ æ‡¸ç©ºçš„
imperative,urgent essential          ,å‘½ä»¤ èª¡å‘½ éœ€è¦ è¦å‰‡ ç¥ˆä½¿èªæ°£å‘½ä»¤å¼çš„ æ€¥éœ€çš„ å‹¢åœ¨å¿…è¡Œçš„ å¼·åˆ¶çš„
imperious,commanding haughty arrogant         ,å°ˆæ©«çš„ å‚²æ…¢çš„ è¿«åˆ‡çš„
impermeable,that cannot be permeated        ,ä¸èƒ½æ»²é€çš„ ä¸æ»²é€æ€§çš„
imperturbable,calm not capable of being excited      ,æ²ˆè‘—çš„ æ³°ç„¶è‡ªè‹¥çš„ é®éœçš„
impervious,not allowing to pass through (of materials)      ,é€ä¸éçš„ ä¸æ»²é€çš„ ç„¡å‹•æ–¼è¡·çš„ ä¸å—å½±éŸ¿çš„
impetuous,having sudden energy impulsive thrusting ahead forceful     ,æ²–å‹•çš„ çŒ›çƒˆçš„ è¼•ç‡çš„ æ€¥èºçš„
impiety,lack of reverence or dutifulness       ,ç„¡ä¿¡ä»° ç„¡ä¿¡å¿ƒ ä¸è™”èª  ä¸å­
implacable,incapable of being placated unpleasable       ,é›£å¯¬æ•çš„ é›£å’Œè§£çš„ åŸ·æ‹—çš„
implicate,show that smb has a share      ,å«æ„ æš—ç¤º ç‰½é€£åŒ…å«çš„æ±è¥¿
implicit,implied though not plainly expressed       ,æš—ç¤ºçš„ ç›²å¾çš„ å«è“„çš„ å›ºæœ‰çš„ çµ•å°çš„
implosion,collapse bursting inward         ,[éŸ³è²] å…§ç ´è£‚
importune,beg urgently solicit (of a prostitute)      ,å¼·æ±‚ ç¡¬è¦å¼·æ±‚ ç³¾çº
imprecation,an invocation of evil a curse      ,ç¥ˆæ±‚ è©›å’’
impromptu,without preparation          ,å³å¸­æ¼”å‡º å³èˆˆæ›²å³å¸­çš„å³å¸­
impudent,rash indiscreet          ,é­¯è½çš„ å‘é„™çš„ åšé¡ç„¡æ¥çš„
impugn,challenged to be doubted        ,è²¬é›£ æŠ¨æ“Š æ”»æ“Š
impute,to attribute to a cause or source ascribe    ,æ­¸ç½ª ä½¿è² è²¬ å«ç¦æ–¼
inadvertent,not paying proper attention        ,ä¸æ³¨æ„çš„ æ€ æ…¢çš„ ä¸æ…çš„ éæ•…æ„çš„
inane,silly senseless          ,ç©ºè™›çš„ æ„šè ¢çš„ ç©ºæ´çš„ç©ºæ´ç„¡ç‰©
inasmuch,since because          ,å› â€¦ä¹‹æ•… å› ç‚º
incense,make angry          ,é¦™ é¦™æ°£ å¥‰æ‰¿ç„šé¦™ç”¨é¦™ç„š ä½¿ç™¼æ€’
incessant,often repeated continual         ,ä¸æ–·çš„ ä¸çµ•çš„ ç„¡ç›¡çš„
inchoate,not yet fully formed rudimentary elementary      ,å‰›é–‹å§‹çš„ æ—©æœŸçš„ æœªç™¼é”çš„
incipient,beginning         ,èµ·åˆçš„ ç™¼ç«¯çš„ åˆæœŸçš„
incise,engrave make a cut in       ,åˆ‡å‰² é›•åˆ»
incite,stir up rouse         ,åˆºæ¿€ æ¿€å‹µ å¼•èª˜
inclined,directing the mind in a certain direction     ,å‚¾æ–œçš„
incongruous,out of place not in harmony or agreement    ,ä¸å”èª¿çš„ ä¸ä¸€è‡´çš„ å‰å¾Œä¸ä¸€çš„
incorrigibility,cannot be cured or corrected       ,é›£æœ›çŸ¯æ­£
incredulous,skeptical unwilling to believe        ,æ‡·ç–‘çš„ ä¸è¼•ä¿¡çš„
inculcate,fix firmly by repetition        ,æ•™æˆ è«„è«„æ•™èª¨ æ•™è‚²
incumbent,official duties          ,æ†‘ä¾çš„ ä¾é çš„ è² æœ‰ç¾©å‹™çš„é ˜è–è·çš„ä¿¸ç¥¿çš„ç‰§å¸« åœ¨è·è€…
incursion,a raid a sudden attack       ,ä¾µå…¥ ä¾µç•¥ å¥‡è¥²
indefatigability,not easily exhaustible tirelessness        ,ä¸ç–²å‹ ä¸å±ˆä¸æ’“
indelible,that cannot be rubbed out       ,ä¸èƒ½æ¶ˆé™¤çš„ ä¸èƒ½æ‹­é™¤çš„ é›£å¿˜çš„
indigence,poverty           ,è²§ä¹ çª®å›°
indigenous,native           ,æœ¬åœŸçš„ åœŸè‘—çš„ åœ‹ç”¢çš„
indistinct,not easily heard seen clearly marked      ,ä¸æ˜äº†çš„ æœ¦æœ§çš„
indolence,laziness           ,æ€ æƒ° ä¸ç—›
indomitable,not easily discouraged or subdued       ,ä¸å±ˆæœçš„ ä¸å±ˆä¸æ’“çš„
indulge,gratify give way to satisfy allow oneself     ,ç¸±æƒ…æ–¼ æ”¾ä»» é·å°±æ²ˆæºº
indulgent,inclined to indulge         ,ç¸±å®¹çš„ ä»»æ€§çš„ æ”¾ç¸±çš„
ineffable,to great to be described in words     ,ç„¡æ³•å½¢å®¹çš„ èªªä¸å‡ºçš„ ä¸æ‡‰èªªå‡ºçš„ é¿è«±çš„
ineluctable,certain inevitable          ,ä¸å¯é¿å…çš„ ç„¡æ³•é€ƒé¿çš„
inept,unskillful said or done at the wrong time    ,ä¸é©ç•¶çš„ ç„¡èƒ½çš„ ç¬¨æ‹™çš„
ineptitude,quality of being unskillful      ,ä¸é©ç•¶ æ„šç¬¨ æ„šæ˜§çš„è¨€è¡Œ
inferno,hell         ,é™°é–“ åœ°ç„
infuriate,fill with fury or rage       ,ç‹‚æ€’çš„æ¿€æ€’
infuse,put pour fill         ,æ³¨å…¥ æ³¡å‡ºå‘³é“ é¼“èˆæ³¡ æ³¨
ingenuous,naive young artless frank honest sincere      ,å¦ç™½çš„ æ­£ç›´çš„ å¤©çœŸçš„
ingest,take in by swallowing        ,æ”å– å’½ä¸‹
inimical,harmful or friendly         ,æœ‰æ•µæ„çš„ ä¸å‹å–„çš„ æŠµè§¸çš„
inimitable,defying imitation unmatchable         ,ç„¡æ³•ä»¿æ•ˆçš„ ç¨ç‰¹çš„ ç„¡æ¯”çš„
innocuous,causing no harm         ,ç„¡å®³çš„ ç„¡æ¯’çš„
inscrutable,incapable of being discovered or understood      ,é›£ä»¥ç­è§£çš„ ä¸èƒ½é æ¸¬çš„
insensible,unconscious unresponsive unaffected         ,ä¸çŸ¥çš„ æ˜è¿·çš„ ç„¡çŸ¥è¦ºçš„ å†·æ·¡çš„
insinuate,suggest unpleasantly make a way for smth gently    ,å·´çµ æš—ç¤º ä½¿æ½›å…¥
insipid,without taste or flavor        ,æ²’æœ‰å‘³é“çš„ æ¸…æ·¡çš„ é›£åƒçš„
insouciant,unconcerned carefree          ,æ¼«ä¸ç¶“å¿ƒçš„
insularity,narrow-mindedness isolated          ,å³¶åœ‹ å­¤ç«‹ å³¶åœ‹æ€§è³ª
insurrection,rising of people to open resistance to     ,å›äº‚ æš´å‹• ä½œäº‚
interdict,prohibit forbid          ,ç¦æ­¢ åœæ­¢ åˆ¶æ­¢ç¦ä»¤ ç¦æ­¢
interim,as an installment         ,ä¸­é–“çš„ æš«æ™‚çš„ è‡¨æ™‚çš„ é–“æ­‡çš„ä¸­é–“æ™‚æœŸ éæ¸¡æ™‚æœŸ æš«å®š
intersperse,place here and there        ,æ•£ä½ˆ é»ç¶´
intransigence,unwillingness to compromise stubbornness intractability       ,ä¸å¦¥å”;å¼·ç¡¬
intransigent,uncompromising           ,éå¦¥å”æ€§çš„ä¸å¦¥å”çš„äºº
intrepid,fearless brave undaunted         ,ç„¡ç•çš„ å‹‡çŒ›çš„ è±ªå‹‡çš„
introspection,examining one's own thoughts and feelings      ,å…§çœ åçœ
inundate,flood cover by overflowing        ,æµ¸æ°´ æ³›æ¿« æ·¹æ²’ ä½¿å……æ»¿
inure,accustomed to adapted         ,ä½¿ç¿’æ…£ç”Ÿæ•ˆ
invective,abusive language curses         ,æƒ¡è¨€æ¼«ç½µ è‡­ç½µæ¼«ç½µçš„ éé›£çš„ æƒ¡è¨€çš„
inveigh,to attack verbally denounce deprecate       ,ç—›ç½µ æ¼«ç½µ è‡­ç½µ
inveterate,deep-rooted. long-established          ,æ ¹æ·±çš„ æˆç™–çš„ ç©ç¿’çš„
invincible,too strong to be defeated     ,ä¸èƒ½å¾æœçš„ ç„¡æ•µçš„
involute,complex           ,ç´›äº‚çš„ å¾©é›œçš„ å…§å·çš„æ¼¸é–‹ç·šå…§å· æ¢å¾©åŸç‹€ æ¶ˆå¤±
irascible,irritable easily angered         ,æ˜“æ€’çš„ æš´èºçš„
irate,angry           ,ç™¼æ€’çš„ ç”Ÿæ°£
ire,anger           ,å¿¿æ€’
irksome,tiresome           ,å­æƒ¡çš„ è¨å­çš„ ä»¤äººå­ç…©çš„
irresolute,hesitating undecided          ,ç„¡æ±ºæ–·çš„ å„ªæŸ”å¯¡æ–·çš„ èºŠèº‡ä¸å®šçš„
irrevocable,final and unalterable         ,ä¸èƒ½æŒ½å›çš„ ä¸èƒ½å–æ¶ˆçš„ ä¸èƒ½è®Šæ›´çš„
itinerate,to travel from place to place to peregrinate    ,å·¡è¿´ éŠæ­· å·¡è¿´å‚³æ•™
jabber,talk excitedly utter rapidly        ,å¿«è€Œå«ç³Šåœ°èªª å±å±å–³å–³åœ°å« é–‘èŠå¿«è€Œå«ç³Šä¸æ¸…çš„è©±
jibe,gibe make fun of        ,å˜²ç¬‘ ä¸€è‡´å˜²ç¬‘å˜²ç¬‘
jocular,meant as a joke        ,è©¼è«§çš„
judicious,sound in judgment wise        ,é ­è…¦ç²¾æ˜çš„ è³¢æ˜çš„ åˆ¤æ–·æ­£ç¢ºçš„
knit,draw together unite firmly        ,ç·¨ç¹” å¯†æ¥ çµåˆ
labyrinthine,to entangle the state of affairs      ,è¿·å®®[ä¼¼] çš„
lachrymose,causing tears tearful         ,æ„›å“­çš„ æ‚²å“€çš„
lackluster,(of eyes) dull         ,ç„¡å…‰æ¾¤çš„;ç„¡ç¥çš„
lament,show feel great sorrow        ,æ‚²å˜† æ‚”æ¨ æ…Ÿå“­ æŒ½æ­Œ æ‚¼è©å“€æ‚¼æ‚”æ¨ æ‚²å˜†
lassitude,weariness tiredness          ,ç–²å€¦ ç–²ä¹ ç„¡ç²¾ç¥
latent,present but not yet active developed or visible    ,æ½›ä¼æ€§çš„ éš±è—çš„éš±ç´„çš„æŒ‡å°
laudatory,expressing or giving praise        ,è´Šç¾çš„ è´Šè³çš„
lavish,giving or producing freely liberally or generously     ,å¤§æ–¹çš„ è±å¯Œçš„ æµªè²»çš„æµªè²» æ¿«ç”¨ æ…·æ…¨çµ¦äºˆ
legacy,smth handed down from ancestors       ,ç¥–å…ˆå‚³ä¸‹ä¾†ä¹‹ç‰© éºè´ˆç‰©
levee,formal reception/embankment        ,æ—©æœ å¤§å ¤ç‚ºâ€¦ç¯‰å ¤
levity,lack of seriousness       ,è¼•ç‡ è¼•æµ® è¼•è–„
libel,statement that damages reputation        ,ä»¥æ–‡å­—æå®³åè­½ èª¹è¬—ç½ª ä¾®è¾±èª¹è¬— ä¸­å‚· æå®³åè­½
liberality,free giving generosity         ,æ…·æ…¨;å¯¬å¤§;å¤§æ–¹
libertine,immoral person          ,æ”¾è•©è€… ç©æ¨‚è€… æµªå­ è‡ªç”±æ€æƒ³å®¶æ”¾è•©çš„
lien,legal claim until a debt on it is repaid   ,ç•™ç½®æ¬Š å„ªå…ˆæ¬Š æŠµæŠ¼æ¬Š
limn,paint portray          ,æå¯« æç¹ª
limp,lacking strength walking unevenly        ,è·›è¡Œ ä¸€ç˜¸ä¸€æ‹åœ°èµ°æŸ”è»Ÿçš„ ç„¡ç”Ÿæ°£çš„
lionize,treat as a famous person     ,å°‡â€¦ä»¥åäººå¾…ä¹‹ éŠè¦½â€¦çš„åå‹çµäº¤åæµ
lithe,bending twisting          ,æŸ”è»Ÿçš„
loll,rest to sit or stand in a lazy way hang (dog's tongue),æ‡¶æ•£åœ°é–‘è•© å‚ä¸‹é ­ ä¼¸èˆŒå‚ ä¼¸ é è‘—
lope,move along with long strides     ,(ä½¿)å¤§æ­¥æ…¢è·‘å¤§æ­¥æ…¢è·‘
loquacious,talkative garrulous          ,å¤šå˜´çš„ å¥½è¾¯çš„ åµé¬§çš„ æ½ºæ½ºçš„
lucubrate,write in scholarly fashion        ,åœ¨ç‡ˆä¸‹ç”¨åŠŸ æ·±å…¥ç ”ç©¶ å°ˆå¿ƒè‘—ä½œ
luculent,easily understood lucid clear        ,å…‰äº®çš„ é€æ˜çš„
lugubrious,mournful excessively sad         ,å¯æ†çš„ æ‚²æ…˜çš„ æ‚²å“€çš„
lull,become quiet or less active       ,æš«åœ é–“æ­‡ ç¨æ¯ éº»ç—ºä½¿å¹³éœ å“„é¨™ ä½¿å®‰éœè®Šå¹³éœ
lumber,move in a clumsy/noisy way     ,æœ¨æ ç ´èˆŠå®¶ä¿± å»¢ç‰© éš†éš†è²ç ä¼æœ¨æ äº‚å †ä¼æœ¨ å–§é¬§åœ°å‘å‰èµ°
luminary,star light-giving body         ,ç™¼å…‰é«” æ¬Šå¨è€… è‘—åçš„çŸ¥è­˜åˆ†å­
lurk,be out of view ready to attack   ,æ½›ä¼ æ½›è¡Œæ½›è— æ½›ä¼ åŸ‹ä¼
lustrous,being bright polished         ,æœ‰å…‰æ¾¤çš„ å…‰è¼çš„
macabre,gruesome suggesting death         ,ä»¥æ­»äº¡ç‚ºä¸»é¡Œçš„ å¯æ€•çš„
macerate,make or become soft by soaking in water  ,æµ¸è»Ÿ æ¶ˆç˜¦æŠŠâ€¦æµ¸è»Ÿ ä½¿æ¶ˆç˜¦
machination,plot scheme (esp. evil)        ,é™°è¬€ åœ–è¬€ ç­–åŠƒ
maladroit,tactless clumsy          ,ç¬¨æ‹™çš„ æ‹™åŠ£çš„ æ„šéˆçš„
malapropism,misuse of a word (for one that resembles it)   ,æ–‡å­—èª¤ç”¨
malevolence,wishing to do evil        ,æƒ¡æ„ ç‹ æ¯’
malign,injurious speak ill of smb tell lie     ,æœ‰å®³çš„ æƒ¡æ€§çš„ æœ‰æƒ¡æ„çš„èª¹è¬— èªªå£è©±
malinger,to fake illness or injury in order to shirk a duty ,è£ç—… é–‹å°å·®
malleable,yielding easily shaped moldable adapting       ,æœ‰å»¶å±•æ€§çš„ å¯é›çš„
manacle,chains for the hands or feet      ,æ‰‹éŠ¬ æŸç¸›çµ¦â€¦ä¸Šæ‰‹éŠ¬ æŸç¸›
massacre,cruel killing of a large number of people    ,å¤§å± æ®ºå¤§å± æ®º æ®˜æ®º
matriculation,be admitted enter a university as a student    ,å¤§å­¸å…¥å­¸è¨±å¯ å…¥å­¸ å…¥å­¸è€ƒè©¦
maudlin,sentimental in a silly or tearful way     ,å®¹æ˜“æµæ·šçš„ æ„Ÿå‚·çš„ é†‰å¾Œå¥½å“­çš„æ˜“æµæ·š
maul,hurt by rough handling      ,å¤§æ§Œæ‰“å‚· è™æ‰“ ç²—æš´å°å¾…
maverick,rebel nonconformist          ,æœªçƒ™é£¼ä¸»å°è¨˜çš„å°ç‰› ä¸æœå¾çš„äººè¿·è·¯
mellifluous,sweetly flowing          ,ç”œç¾çš„;æµæš¢çš„
mendacity,dishonesty           ,è™›å½ è¬Šè©± èªªè¬Šç™–
mendicant,a beggar          ,è¡Œä¹çš„ æ‰˜ç¼½çš„ åŒ–ç·£çš„ä¹ä¸ ä¹è¨ æ‰˜ç¼½åƒ§
mercurial,quick changeable in character fleeting       ,Mercuryç¥çš„ æ°´æ˜Ÿçš„ æ•æ·çš„ æ´»æ½‘çš„ æ°´éŠ€çš„æ°´éŠ€åŠ‘ æ±åŠ‘
meretricious,attractive on the surface but of little value    ,è¯éº—è€Œåº¸ä¿—çš„ ä¿—æ°£çš„ å¨¼å¦“çš„
mesmerize,hypnotize           ,æ–½å‚¬çœ è¡“ è¿·ä½ è¿·æƒ‘
meticulous,giving great attention to details       ,ä¸€çµ²ä¸è‹Ÿçš„ ç²¾ç¢ºçš„ éç´°çš„
mettle,quality of endurance or courage       ,å‹‡æ°£ æ°£è³ª æ°£æ¦‚
mettlesome,courageous high-spirited          ,ç²¾ç¥è“¬å‹ƒçš„;å‹‡æ•¢çš„
middling,fairly good but not very good      ,ä¸­ç­‰çš„ æ™®é€šçš„ å¹³å‡¡çš„ä¸­ç­‰ ç›¸ç•¶åœ°
minatory,menacing threatening          ,å¨è„…çš„
mince,pronounce or speak affectedly euphemize       ,åˆ‡ç¢ç‰©åˆ‡ç¢ çŸ¯æ‰åšä½œåœ°èªªç¢æ­¥èµ° è£è…”ä½œå‹¢
misanthrope,person who hates mankind        ,å­æƒ¡äººé¡çš„äºº ä¸é¡˜èˆ‡äººä¾†å¾€è€…
mischievous,harmful causing mischief         ,æ·˜æ°£çš„ æœ‰å®³çš„ æƒ¡ä½œåŠ‡çš„ èƒ¡æ”ªçš„
miser,person who loves wealth and spends little     ,å®ˆè²¡å¥´ åå—‡é¬¼ é‘¿äº•æ©Ÿ
misogynist,one who hates women/females        ,å­æƒ¡å¥³äººçš„äºº
moderation,quality of being limited not extreme      ,ç·©å’Œ é©åº¦ æº«å’Œ
mollify,make calmer or quieter        ,å¹³æ¯ ç·©å’Œ æ¸›è¼• ä½¿é®éœ
molt,moult lose hair feathers before new growing     ,æ›æ¯› è„«çš® æ›æ¯›æœŸè„«æ¯› æ›æ¯›
morbid,diseased unhealthy (e.g.. about ideas)       ,ä¸å¥å…¨çš„ ç—…æ…‹çš„ ç–¾ç—…çš„ å¯æ€•çš„
morose,ill-tempered unsocial          ,é¬±æ‚¶çš„ ä¹–åƒ»çš„
muffler,cloth worn round the neck/silencer     ,åœå·¾ é ­å·¾ åšæ‰‹å¥— æ¶ˆè²å™¨
multifarious,varied motley greatly diversified        ,å¤šç¨®çš„ å„ç¨®å„æ¨£çš„ ç¹é›œçš„
mundane,worldly as opposed to spiritual commonplace everyday     ,ç¾ä¸–çš„ ä¸–ä¿—çš„ å®‡å®™çš„
myriad,very great number         ,è¬ ç„¡æ•¸ ç„¡æ•¸çš„äººæˆ–ç‰©ç„¡æ•¸çš„ ä¸€è¬çš„ ç¨®ç¨®çš„
nadir,lowest weakest point         ,å¤©åº• æœ€åº•é» æœ€ä½é»
nascent,coming into existence emerging        ,ç™¼ç”Ÿä¸­çš„ é–‹å§‹å­˜åœ¨çš„ åˆæœŸçš„
nebulous,cloud-like hazy vague indistinct        ,æ˜Ÿé›²çš„ æ˜Ÿé›²ç‹€çš„ æœ¦æœ§çš„
negligent,taking too little care        ,ç–å¿½çš„ ç²—å¿ƒçš„ ä¸åœ¨æ„çš„
neophyte,person who has been converted to a belief    ,æ–°å…¥æ•™è€… æ–°ä¿¡å¾’
nexus,a connection tie or link       ,é€£çµ é—œç³»
nibble,show some inclination to accept (an offer)     ,åŠå­—ç¯€åŠä½å…ƒçµ„ ç´°å’¬ è¼•å’¬ å•ƒä¸€é»ä¸€é»åœ°å’¬ ç´°å’¬ å¹æ¯›æ±‚ç–µ
noisome,offensive disgusting (smell)         ,æœ‰å®³çš„;æœ‰æ¯’çš„;æƒ¡è‡­çš„
nonchalant,not having interest         ,æ¼ ä¸é—œå¿ƒçš„ ç„¡å‹•æ–¼è¡·çš„ è‹¥ç„¡å…¶äº‹çš„
nonplus,greatly surprised          ,ä½¿å›°æƒ‘è¿·æƒ‘ å›°æƒ‘ ç›¡é ­
nostrum,a quack remedy an untested cure      ,è¬èƒ½è—¥ æˆè—¥ å¦™æ–¹
noxious,harmful           ,æœ‰å®³çš„ æœ‰æ¯’çš„ ç²¾ç¥ä¸å¥å…¨çš„
nugatory,trifling/worthless         ,ç„¡åƒ¹å€¼çš„ ç„¡ç”¨çš„ ç„¡æ•ˆçš„ ç‘£ç¢çš„
obdurate,hardened and unrepenting stubborn inflexible       ,é ‘å›ºçš„ åŸ·æ‹—çš„ å†·é…·çš„
obfuscate,to darken make obscure muddle       ,å¼„æš— ä½¿æ¨¡ç³Š ä½¿è¿·äº‚
oblivious,unaware having no memory        ,å¿˜å»çš„ å¿˜è¨˜çš„ å¥å¿˜çš„ ä¸æ³¨æ„çš„
obloquy,abusively detractive language sharp criticism vituperation      ,æ¼«ç½µ å±ç½µ æ¯€è¬—
obsequious,too eager to obey or serve      ,è«‚åªšçš„ å¥‰æ‰¿çš„ é †å¾çš„
obstreperous,noisy loud          ,åµé¬§çš„ å–§å›‚çš„ äº‚é¬§çš„ ä»»æ€§çš„
obtain,to be established accepted or customary      ,ç²å¾— é”åˆ°æµè¡Œ
obtrusive,projecting prominent undesirably noticeable        ,å¼·è¿«äººçš„ å†’å¤±çš„ è½æ’çš„ ä¼¸å‡ºçš„
obtuse,blunt/stupid         ,éˆçš„ ä¸å°–çš„ åœ“é ­çš„
obviate,to make unnecessary get rid of      ,é™¤å» æ’é™¤ å›é¿ é é˜² é¿å…
occlude,blocked up          ,ä½¿é–‰å¡ å°é–‰ é—œé–‰ é€å‡ºå’¬åˆ è‡¼åˆ
odious,repulsive hateful          ,å¯æ†çš„ å¯å­çš„ é†œæƒ¡çš„
odium,contempt dislike aversion         ,æ†æƒ¡ è¨å­ æƒ¡è©•
odor,smell favor reputation         ,æ°£å‘³ å‘³é“;è‡­å‘³ é¦™å‘³;é¦™æ°´;è·¡è±¡ ç—•è·¡
officious,too eager or ready to help offer advice    ,å¤šç®¡é–‘äº‹çš„ éå®˜æ–¹çš„
ominous,threatening         ,æƒ¡å…†çš„ ä¸å‰åˆ©çš„ é å…†çš„
onerous,needing effort burdensome         ,ç¹é‡çš„ è² æœ‰æ³•å¾‹è²¬ä»»çš„
opaque,dullness/not allowing light to pass through    ,ä¸é€æ˜ç‰©ä¸é€æ˜çš„ ä¸å‚³ç†±çš„
opprobrious,showing scorn or reproach        ,å˜´ä¸å¹¹æ·¨çš„ ç„¡ç¦®çš„ ç²—é‡çš„
ossify,to turn to bone to settle rigidly into an idea  ,ä½¿éª¨åŒ– ä½¿ç¡¬åŒ–éª¨åŒ– ç¡¬åŒ– è®Šç„¡æƒ…
ostensible,seeming appearing as such professed       ,è¡¨é¢çš„ å‡è£çš„
ostentation,display to obtain admiration or envy      ,è™›é£¾ è™›æœ‰å…¶è¡¨ è³£å¼„
ostracism,shut out from society refuse to meet talk    ,è²æ®¼æµæ”¾ æ”¾é€ æ’æ–¥
overhaul,examine thoroughly to learn about the condition     ,åˆ†è§£æª¢æŸ¥ ç¿»ä¿® ç²¾ç´°æª¢æŸ¥åˆ†è§£æª¢æŸ¥ ç²¾ç´°æª¢æŸ¥ å¤§æª¢ä¿®
overweening,presumptuously arrogant overbearing immoderate being a jerk     ,é©•å‚²çš„ è‡ªè² çš„ éäºè‡ªä¿¡çš„
paean,song of praise or triumph       ,æ­¡æ¨‚æ­Œ è´Šç¾æ­Œ
palate,roof of the mouth sense of taste     ,ä¸Šé¡ å‘³è¦º è¶£å‘³
palatial,magnificent           ,å®å‰çš„ å ‚çš‡çš„ èŠåš´çš„
palliate,lessen the severity of        ,æ¸›è¼• ç·©å’Œ è¾¯è§£
palpability,can be felt touched understood       ,å¯è§¸çŸ¥æ€§ æ˜ç™½ æ˜ç­
palpitate,tremble beat rapidly and irregularly       ,æ‚¸å‹• å¿ƒè·³ ç™¼æŠ–
panegyric,formal praise eulogy         ,è´Šæš èª‡å¤§çš„é Œè© æ¨å´‡å‚™è‡³
paradigm,a model example or pattern       ,ç¯„ä¾‹ æ¨¡ç¯„ è©å½¢è®ŠåŒ–è¡¨
parenthesis,sentence within another one smth separated      ,æ‹¬å¼§ æ’å…¥èª é™„å¸¶ æ’æ›²
pariah,an outcast a rejected and despised person     ,å°åº¦çš„æœ€ä¸‹éšç´š è³¤æ°‘ è¢«æ”¾é€è€…
parsimonious,too economical miserly         ,ç¯€å„‰çš„;åå—‡çš„
partisan,one-sided committed to a party biased or prejudiced    ,é»¨ç¾½ åŒé»¨çš„äºº éŠæ“ŠéšŠå“¡é»¨å¾’çš„ æ•ˆå¿ çš„ ç»èº«çš„ ç›²ç›®æ¨å´‡çš„
patron,regular customer person who gives support      ,è´ŠåŠ©äºº é¡§å®¢ ä¿è­·äºº
paucity,scarcity a lacking of        ,å°‘æ•¸ å°‘é‡ ç¼ºä¹
peccadillo,small sin small weakness in one's character     ,è¼•ç½ª å°é å°æš‡ç–µ
pedantic,bookish showing off learning        ,è³£å¼„å­¸å•çš„ ç‚«å­¸è€… å‡è£å­¸è€…çš„
pedestrian,commonplace trite unremarkable         ,è¡Œäºº æ­¥è¡Œè€…å¾’æ­¥çš„ å‘†æ¿çš„ é€šä¿—çš„
pellucid,transparent easy to understand        ,é€æ˜çš„ æ¾„æ¸…çš„ æ˜ç­çš„
penchant,strong inclination a liking        ,å‚¾å‘;å—œå¥½;æ„›å¥½
penitent,feeling or showing regret        ,æ‡ºæ‚”çš„ æ‚”æ‚Ÿçš„æ”¹éè¡Œå–„çš„äºº æ‡ºæ‚”çš„äºº æ‚”ç½ªè€…
penurious,poor/stingy         ,è²§çª®çš„;ç¼ºä¹çš„;åå—‡çš„
penury,extreme poverty          ,è²§å›° è²§çª®
peregrination,traveling about wandering         ,éŠæ­· æ—…è¡Œ
peremptory,urgent imperative unchallengeable ending debate       ,æ–·ç„¶çš„ å„¼ç„¶çš„ å¼·åˆ¶çš„
perfidious,treacherous faithless          ,ä¸èª å¯¦çš„ èƒŒä¿¡çš„ æœ‰ç•°å¿ƒçš„
perfidy,treachery breaking of faith        ,ä¸èª å¯¦ èƒŒä¿¡
perfunctory,done as a duty without care      ,æ•·è¡çš„ å¾ªä¾‹çš„ æ©Ÿæ¢°æ€§çš„
perilous,dangerous           ,å±éšªçš„
peripatetic,wandering           ,å¾’æ­¥çš„ é€é™å­¸æ´¾çš„èµ°ä¾†èµ°å»çš„äºº éŠæ­· é€é™å­¸æ´¾çš„å­¸å¾’
perish,be destroyed decay         ,æ¯€æ»… æ­»äº¡ è…çˆ›æ¯€å£ ä½¿éº»æœ¨
perjury,willful FALSE statement unlawful act       ,å½èª“ å½è¨¼
permeate,spread into every part of       ,å½Œæ¼« æ»²é€ å……æ»¿é€å…¥
pernicious,harmful injurious          ,æœ‰å®³çš„ æœ‰æ¯’çš„ è‡´å‘½çš„
perpetrate,be guilty commit (a crime)       ,åš(æƒ¡) çŠ¯(ç½ª) èƒ¡èªª
personable,pleasing in appearance attractive        ,é¢¨åº¦å¥½çš„ å„ªé›…çš„ è²Œç¾çš„
perspicacity,quick judging and understanding        ,è°ç© è°æ˜ æ´å¯ŸåŠ›
pertain,belong as a part have reference      ,å±¬äº é—œæ–¼ é™„å±¬ é©åˆ ç›¸ç¨±
pest,destructive thing or a person who is nuisance    ,ç˜Ÿç–« é¼ ç–«;å®³èŸ² å®³äººèŸ²ç…©æ“¾ ç³¾çº
petrified,taken away power (to think feel act)     ,å¿ƒè†½ä¿±è£‚
petrify,to make hard rocklike        ,ä½¿çŸ³åŒ–;ä½¿å†·é…·;ä½¿åš‡å‘†
petrous,like a rock hard stony       ,å²©çŸ³çš„ å²©çŸ³èˆ¬çš„ å …ç¡¬çš„
petulant,unreasonably impatient          ,æš´èºçš„ æ˜“ç”Ÿæ°£çš„ é›£ä»¥å–æ‚…çš„
philistine,a smug ignorant person one who lacks knowledge    ,éåˆ©å£«äºº ä»‡æ•µ ä¿—æ°£çš„äººéåˆ©å£«çš„ ä¿—æ°£çš„ ç„¡æ•™é¤Šçš„
phlegmatic,calm sluggish temperament unemotional        ,ç²˜æ¶²è³ªçš„;å†·æ¼ çš„
picaresque,involving clever rogues or adventurers       ,ä»¥æ­¹å¾’ç‚ºé¡Œæçš„æ­¹å¾’
pied,of mixed colors         ,æ–‘é§çš„ é›œè‰²çš„ èŠ±è¡£æœçš„
pinch,be too tight take between the thumb and finger   ,æ æ’® æ”¶ç¸® å£“åŠ› åŒ±ä¹ ç·Šæ€¥é—œé ­æ å¤¾ç—› ä¿®å‰ª ä½¿å›°è‹¦ ä½¿èç¸®
pine,waste away through sorrow or illness    ,æ¾æ¨¹æ¶ˆç˜¦ æ†”æ‚´ æ¸´æœ›   ;   (unixæ“ä½œç³»çµ±ä¸‹çš„ä¸€ç¨®ä¿¡ä»¶è™•ç†ç¨‹å¼)
pious,dutiful to parents devoted to religion      ,è™”èª çš„
piquant,agreeably pungent stimulating         ,è¾›è¾£çš„ é–‹èƒƒçš„ æ´»æ½‘çš„ ç—›å¿«çš„ èª¿çš®çš„ æ·˜æ°£çš„
pique,hurt the pride or self-respect stir (curiosity)     ,ç”Ÿæ°£ æ†¤æ€’å‚·å®³â€¦è‡ªå°Šå¿ƒ æ¿€æ€’ åˆºæ¿€
pitfall,covered hole as a trap unsuspected danger     ,é™·é˜± èª˜æƒ‘ é™°è¬€
pith,essential part force soft liquid substance      ,æœ¨é«“ éª¨é«“ æ ¸å¿ƒ æ„ç¾© ç²¾è¯é™¤å»æœ¨é«“ æ®ºæ­»
pivotal,of great importance (others depend on it)     ,æ¨è»¸çš„ é—œéµçš„
placate,soothe pacify calm         ,æ’«æ…° ä½¿å’Œè§£ æ‡·æŸ”
plaintive,mournful melancholy sorrowful         ,æ‚²å“€çš„ å“€å‚·çš„
plaque,flat metal on a wall as a memorial    ,åŒ¾ é£¾æ¿ åç‰Œ è¡€å°æ¿
platitude,a trite or banal statement unoriginality      ,å–®èª¿ å¹³å‡¡ é™³è…
plea,request           ,æ‡‡æ±‚ è¾¯è§£ æŠ—è¾¯ è«‹é¡˜ æ‰˜è©
plead,address a court of law as an advocate    ,è¾¯è­· æ‡‡æ±‚ç‚ºâ€¦è¾¯è­· æ‰˜ç¨±
plethora,glut           ,éå¤š éå‰© å¤šè¡€ç—‡
pliant,pliable easily bent shaped or twisted      ,æ˜“æ›²æŠ˜çš„ æŸ”è»Ÿçš„ æŸ”é †çš„
plod,continue doing smth without resting       ,æ²ˆé‡çš„æ­¥ä¼ è¾›å‹¤å·¥ä½œæ²ˆé‡åœ°èµ° è¾›å‹¤å·¥ä½œ å­œå­œå¾äº‹æ²ˆé‡ç·©æ…¢åœ°èµ°
pluck,pull the feathers off pick (e.g.. flowers)     ,å‹‡æ°£ çŒ›æ‹‰ å‹•ç‰©å…§è‡Ÿæ‘˜ çŒ›æ‹‰ æ‹” æ‹‰ æ‰¯ é‡‡ æ‹†æ¯€æ‹‰ æ‹½
plumb,get to the root of       ,é‰›éŒ˜ å‚ç›´å‚ç›´çš„ä½¿å‚ç›´ ç”¨é‰›å° æ¢æ¸¬ ç­è§£å‚ç›´
plummet,fall plunge steeply         ,é‰›éŒ˜ é‰›éŒ˜ç·šå‚ç›´è½ä¸‹
plunge,move quickly suddenly and with force      ,é‘½é€² è·³é€² è·³æ°´ è·³æ°´æ±  è½ä¸‹ ä¸‹è·Œ æŠ•å…¥ ç›²ç›®æŠ•è³‡æŠ•å…¥ è·³é€² é™·å…¥
poignant,deeply moving keen         ,åš´å²çš„ å°–éŠ³çš„ åŠ‡çƒˆçš„
poncho,large piece of cloth      ,å—ç¾äººç©¿çš„å¯¬å¤§çš„å¤–è¡£ æ–—ç¯· é›¨æŠ«
ponderous,heavy bulky dull         ,æ²ˆé‡çš„ ç¬¨é‡çš„ å†—é•·çš„ æ²ˆæ‚¶çš„
portent,omen marvelous threatening         ,å‰å…† é ç¤º ç•°å¸¸ä¹‹ç‰©
precarious,uncertain risky dangerous         ,ä¸ç©©å®šçš„ ä¸å®‰çš„ å±éšªçš„
precept,rules establishing standards of conduct       ,æ•™è¨“ å‘Šèª¡ è¨“èª¡ æ–¹æ¡ˆ å‘½ä»¤æ›¸
preclude,prevent make impossible         ,é å…ˆæ’é™¤ é é˜² é˜»æ­¢ å¦¨ç¤™
precursory,preliminary anticipating          ,å…ˆé©…çš„ å‰å…†çš„ ä½œé å‚™çš„
predilection,special liking mental preference        ,å—œå¥½ åæ„› è¢’è­·
predominate,have more power than others       ,æŒæ¡ æ§åˆ¶ æ”¯é…çµ±æ²» æˆç‚ºä¸»æµ
preen,tidy/show self-satisfaction        ,ç”¨å˜´ç† æ‰“æ‰® è´Šæšæ‰“æ‰®æ¼‚äº® è‡ªè² 
premature,doing or happening smth before the right time    ,æ—©ç†Ÿçš„ éæ—©çš„ ä¸æŒ‰æ™‚çš„æ—©ç”¢å…’ æ—©ç™¼
preponderance,greatness in number strength weight       ,é‡é‡çš„å„ªå‹¢ å„ªå‹¢ å„ªè¶Š
presage,warning sign          ,é æ„Ÿ é å…† é çŸ¥æˆç‚ºâ€¦çš„å‰å…† é ç¤º é è¨€é è¨€
presumption,arrogance         ,å°ˆæ©« æ”¾è‚† å‡å®š æ¨æ¸¬ å¯èƒ½æ€§
preternatural,not normal or usual        ,è¶…è‡ªç„¶çš„ ç•°å¸¸çš„ å¥‡ç•°çš„
prevalent,common           ,æ™®éçš„ æµè¡Œçš„
prevaricate,to equivocate to stray from the truth     ,æ”¯å¾å…¶è¾­ æªå¡ æ’’è¬Š
prim,neat formal          ,è¦è¦çŸ©çŸ©çš„ å‘†æ¿çš„ æ‹˜è¬¹çš„å¼„æ•´é½Š æŠŠå˜´é–‰ç·Šä¸€æœ¬æ­£ç¶“
pristine,primitive unspoiled pure as in earlier times unadulterated    ,åŸä¾†çš„ å¤æ™‚çš„ åŸå§‹çš„
probity,uprightness incorruptibility principle         ,èª å¯¦ å»‰æ½” æ­£ç›´
proclivity,inclination           ,å‚¾å‘ ç™–æ€§ æ°£è³ª
procrastination,keeping on putting off        ,è€½æ“±
prodigal,wasteful reckless with money        ,æµªè²»è€…æµªè²»çš„ æ®éœçš„ æ”¾è•©çš„
prodigious,enormous wonderful          ,å¾ˆå¤§çš„ é©šäººçš„ ç•°å¸¸çš„
profane,worldly having contempt for God       ,ä¸–ä¿—çš„ ä¸æ•¬ç¥çš„ è¤»ç€†çš„è¤»ç€† ç·æ±¡
profligacy,shameless immorality        ,æ”¾è•© ä¸æª¢é» æµªè²»
profligate,wasteful prodigal licentious extravagant        ,æ”¾è•©çš„ ä¸æª¢é»çš„ æµªè²»çš„æ”¾è•©è€… äº«æ¨‚è€…
profundity,depth           ,æ·± æ·±åº¦ æ·±å¥§ æ·±åˆ» æ·±åš
profuse,abundant/lavish         ,å¾ˆå¤šçš„ è±å¯Œçš„ æµªè²»çš„ æ…·æ…¨çš„
proliferate,grow reproduce by rapid multification       ,å¢æ®– æ¿€å¢ æ“´æ•£ä½¿æ¿€å¢
prolix,tiring because too long        ,å†—é•·çš„ èªªè©±ç¾…å”†çš„
prone,prostrate inclined to (undesirable things)       ,å‚¾æ–œçš„ æœ‰â€¦å‚¾å‘çš„ æ˜“æ–¼â€¦çš„
propagation,increasing the number spreading extending       ,å¢æ®– ç¹æ®– å»£å‚³
propinquity,nearness in time or place affinity of nature    ,æ¥è¿‘ è¦ªè¿‘ é¡ä¼¼
propitiatory,conciliatory appeasing mitigating         ,å®‰æ’«çš„;å’Œè§£çš„
propitious,auspicious presenting favorable circumstances        ,é †åˆ©çš„ é©åˆçš„ å‰ç¥¥çš„ æ…ˆæ‚²çš„
prosaic,everyday mundane commonplace trite pedestrian       ,æ•£æ–‡çš„ æ•£æ–‡é«”çš„ æ•£æ–‡æ€§çš„
proscribe,denounce as dangerous         ,å‰å¥ªäººæ¬Š;æ”¾é€;æ’æ–¥
protracted,prolonged           ,æ‹–å»¶çš„
provident,frugal looking to the future       ,æœ‰å…ˆè¦‹ä¹‹æ˜çš„ æœ‰é æ…®çš„ ç¯€å„‰çš„
provisional,of the present time only       ,æš«æ™‚çš„ æš«å®šçš„ è‡¨æ™‚çš„
provoke,make angry vax         ,æŒ‘èˆ‹ æ¿€æ€’ æ‹›æƒ¹ å¼•èµ·
prudence,careful forethought          ,å¯©æ… æ…é‡ ç²¾æ˜ ç¯€å„‰
prudish,easily shocked excessively modest        ,è£æ·‘å¥³æ¨£å­çš„ è£è¦çŸ©çš„ éåˆ†è¦çŸ©çš„
prune,dried plum silly person        ,å¹¹æ¢…å­ æ¢…å¹¹ æ·±ç´«ç´…è‰² å‚»ç“œä¿®å‰ª ç æ‰ åˆªé™¤åˆªé™¤ åˆªç¯€
pry,get smth inquire too curiously       ,æ æ† çªºæ¢ å¥½å¥‡è€…æ‰“è½ çªºæ¢æ©‡ ç”¨æ æ†æ’¬é–‹
pucker,wrinkle         ,æŠ˜ç–Šçšºç´‹
pugnacious,fond of in the habit of fighting     ,å¥½é¬¥çš„
puissance,strength         ,åŠ› å‹¢ æ¬ŠåŠ›
punctilious,precise paying attention to trivialities       ,ç²¾å¯†ç´°å¿ƒçš„ ä¸€çµ²ä¸è‹Ÿçš„ æ‹˜æ³¥å½¢å¼çš„
pundit,pedant authority on a subject       ,å­¸è€… æ¢µå­¸è€… åšå­¸çš„äºº æ¬Šå¨
pungency,sharpness stinging quality         ,è‹¦ç—› è¾›è¾£ åˆºæ¿€
purvey,provide supply          ,ä¾›çµ¦ ä¾›æ‡‰
pusillanimous,cowardly craven          ,ç„¡æ°£åŠ›çš„ è†½æ€¯çš„ å„ªæŸ”å¯¡æ–·çš„
putrefaction,becoming rotten        ,è…æ•— è…æ•—ç‰©
pyre,large pile of wood for burning      ,ç«è‘¬ç”¨çš„æŸ´å †
quack,person dishonestly claiming to smth       ,é´¨å«è² åº¸é†« å†’å……å…§è¡Œä¹‹äººåº¸é†«çš„å˜å˜å« ç•¶åº¸é†« èª‡å¤§å»£å‘Š
quaff,drink deeply          ,ä¸€å£æ°£å–å¹¹ å¤§å£åœ°å–ä¸€é£²è€Œç›¡ ç—›é£²
quail,lose courage turn frightened        ,éµªé¶‰è†½æ€¯ ç•ç¸®
qualm,feeling of doubt temporary feeling of sickness     ,æšˆçœ© ä¸å®‰ ç–‘æ…®
quandary,state of doubt or perplexity     ,çª˜å¢ƒ å›°æƒ‘ å·¦å³ç‚ºé›£
quell,suppress subdue          ,å£“åˆ¶ å¹³æ¯ æ¸›è¼•
quibble,try to avoid by sophistication       ,éè¾­ è¬¬è«– é›™é—œè©±æ¨è¨— è©­è¾¯ èªªæ¨¡æ£±å…©å¯çš„è©± èªªä¿çš®è©±å°â€¦è©­è¾¯
quiescence,state of being passive/motionless      ,éœæ­¢ ä¸æ´»å‹• å¯‚éœ
quiescent,at rest dormant torpid        ,éœæ­¢çš„ ä¸æ´»å‹•çš„ å¯‚éœçš„
quirk,habit or action peculiar to smb or smth    ,é›™é—œèª ä¿çš®è©± è­¦å¥
quixotic,generous unselfish          ,å‰è¨¶å¾·å¼çš„;ç‹‚æƒ³å®¶çš„
quotidian,banal everyday          ,æ¯æ—¥çš„ æ¯æ—¥ç™¼ä½œçš„ å¸ç©ºè¦‹æ…£çš„ å¹³å‡¡çš„æ¯æ—¥ç†±
rabble,mob crowd the lower classes of populace     ,çƒåˆä¹‹çœ¾ èµ·å“„çš„ç¾¤çœ¾ ä¸‹å±¤ç¤¾æœƒ æ’¥ç«æ£èšçœ¾é¬§äº‹ ç”¨æ’¥ç«æ£æ”ªå‹•
raconteur,person who tells anecdotes        ,å–„è«‡è€…;å¥è«‡è€…
raffish,low vulgar base tawdry        ,åè­½ä¸å¥½çš„ ç„¡è³´çš„ å‘é„™çš„ è‰·ä¿—çš„
ramify,to be divided or subdivided to branch out    ,(ä½¿)åˆ†æ (ä½¿)åˆ†å‰ (ä½¿)æˆç¶²ç‹€
rancorous,feeling bitterness spitefulness         ,æ·±æ¨çš„ æ‡·æƒ¡æ„çš„
rant,use extravagant language         ,å’†å“® æ¿€æ˜‚åœ°èªªå’†å“® æ¿€æ˜‚çš„æ¼”èªª
rapacious,greedy (esp for money)        ,å¼·å¥ªçš„ è²ªæ¬²çš„ è²ªå©ªçš„
rarefy,to make thin to make less dense to purify or refine ,ä½¿ç¨€å°‘ ä½¿ç¨€è–„ ä½¿ç´”åŒ–è®Šç¨€å°‘ è®Šç¨€è–„
rave,act with excessive enthusiasm      ,ç‹‚å¼ ç‹‚æš´æ†¤æ€’åœ°èªª å«åš· å’†å“®
reactionary,opposing progress          ,åå‹•è€… åå‹•ä¸»ç¾©è€…åå‹•çš„ åå‹•ä¸»ç¾©çš„ åå°æ”¹é©çš„
rebuff,snub           ,æ–·ç„¶æ‹’çµ• åš´å²æ‹’çµ• æ¼ ä¸é—œå¿ƒåš´å²æ‹’çµ•
recalcitrant,disobedient           ,åæŠ—çš„ åå°çš„ é ‘å¼·çš„åæŠ—çš„äºº é ‘å¼·è€…
recant,take back as being FALSE give up     ,å®£ä½ˆæ”¾æ£„æ”¾æ£„ä¿¡ä»° æ’¤æ¶ˆè²æ˜ å…¬é–‹èªéŒ¯
recast,cast or fashion anew        ,é‡é‘„ é‡ä½œ æ”¹é€ é‡é‘„ æ”¹æ›è§’è‰²
recidivism,relapse into antisocial or criminal behavior      ,ç´¯çŠ¯
reciprocity,granting of privileges in return for similar     ,ç›¸äº’æ€§ ç›¸äº’ä½œç”¨ äº’æƒ ä¸»ç¾©
recital,a number of performance of music      ,èƒŒèª¦ åŸèª¦ è©³è¿°
recluse,person who lives alone and avoids people     ,éš±éçš„ å¯‚å¯çš„éš±éè€… éä¸–è€…
recompense,make payment to reward punish       ,å ±å„Ÿ é…¬é‡‘ è³ å„Ÿå ±å„Ÿ è³ å„Ÿ å ±é…¬
reconcile,settle a quarrel restore peace       ,ä½¿å’Œè§£ èª¿åœ ä½¿å’Œè«§ ä½¿ä¸€è‡´ ä½¿é †å¾ ä½¿è½å¾
recondite,little known abstruse         ,æ·±å¥§çš„ é›£è§£çš„ éš±è—çš„
recreancy,cowardice a cowardly giving up       ,è†½å° æ€¯æ‡¦ ä¸ç¾©
recuperate,become strong after illness loss exhaustion      ,æ¢å¾© ä½¿å¾©åŸ ä½¿æ¢å¾©å¥åº· ä½¿æ¢å¾©ç²¾ç¥ å½Œè£œå¾©åŸ æ¢å¾©å¥åº· å½Œè£œæå¤±
redeem,get back by payment compensate       ,è´–å› æŒ½å› æ¢å¾© å„Ÿé‚„ å±¥è¡Œ è£œå„Ÿ
redoubtable,formidable causing fear         ,å¯æ€•çš„ å²å®³çš„ è‘—åçš„
refine,make or become pure cultural       ,ç²¾ç…‰ æ·¨åŒ– ä½¿å„ªé›… ä½¿ç²¾ç·´ç²¾ç…‰ æ·¨åŒ– æ¨æ•²
refractory,stubborn unmanageable untractable         ,ä¸è½è©±çš„ åŸ·æ‹—çš„ é›£æ²»ç™‚çš„
refulgent,shining brilliant          ,è¼ç…Œçš„ ç‡¦çˆ›çš„
regale,to delight or entertain to feast      ,æ¬¾å¾… ä½¿å¿«æ¨‚ ä½¿åƒå– ä½¿äº«ç”¨äº«ç”¨ç››å®´ ä½³è‚´ æ¬¾å¾…
regicide,crime of killing a king       ,å¼’å› å¤§é€† å¤§é€†è€…
reiterate,say or do again several times      ,åå¾©åœ°èªª é‡ç”³ åå¾©åœ°åš
rejuvenation,becoming young in nature or appearance      ,è¿”è€é‚„ç«¥;å›æ˜¥
relapse,fall back again         ,å¾©èˆŠ æ•…æ…‹å¾©èŒ å†ç™¼ æƒ¡åŒ–æ•…æ…‹å¾©èŒ å†é™·é‚ªé“ å†åº¦å¢®è½
remonstrate,to protest object         ,è¡¨ç¤ºç•°è­° æŠ—è­° è²¬å‚™æŠ—è­°åœ°èªª
render,deliver provide represent         ,å ±ç­” æ­¸é‚„ åŒ¯å ± æå‡º æ”¾æ£„ åæ˜  è¡¨ç¤º è¡¨é” è¡¨æ¼” è‡´ä½¿ åŸ·è¡Œ
renovate,restore smth to better condition       ,æ›´æ–° é©æ–° åˆ·æ–° ä¿®å¾© æ¢å¾©
renowned,celebrated famous          ,è‘—åçš„ èåçš„ æœ‰åæœ›çš„
repast,meal           ,é¤ é£Ÿé‡ å°±é¤è¨­å®´ å°±é¤
repel,refuse to accept/cause dislike      ,é€é€€ æŠµåˆ¶ ä½¿å­æƒ¡ æŠ—åæŠ— æ“Šé€€
repine,at be discontented with        ,æŠ±æ€¨ ç™¼ç‰¢é¨· é³´ä¸å¹³ å‘å¾€
reproach,scold upbraid          ,è²¬å‚™ æ¥è¾±è²¬å‚™ ç”³æ–¥ ä½¿ä¸Ÿè‡‰
reprobate,person hardened in sin one devoid of decency    ,å¢®è½çš„äºº æƒ¡æ£ è¢«ç¥éºæ£„çš„äººå¢®è½çš„ é‚ªæƒ¡çš„æ–¥è²¬ éé›£ æ‹’çµ•
repudiate,disown refuse to accept or pay      ,é›¢å©š æ‹‹æ£„ æ‹’çµ• æ‹’ä»˜ æ‹’çµ•å±¥è¡Œ
repulsive,causing a feeling of disgust       ,é€é€€çš„ å¯æƒ¡çš„ å†·æ·¡çš„ æ’æ–¥çš„
requite,repay give in return        ,å ±ç­” å ±é…¬ é‚„ç¦®
rescind,repeal/annul/cancel         ,å»¢æ­¢ ä½¿ç„¡æ•ˆ å–æ¶ˆ æ’¤æ¶ˆ è§£é™¤
resigned,unresisting submissive          ,èªå‘½çš„ æœå¾çš„ è½ä»»çš„ å·²æ”¾æ£„çš„
resilience,quality of quickly recovering the original shape     ,å½ˆå› æœ‰å½ˆåŠ› æ¢å¾©åŠ›
resort,to frequently visit         ,æ±‚åŠ© è¨´è«¸ æ¡å– æ†‘å€Ÿå¸¸å» å¸¸å»çš„åœ°æ–¹ å‹åœ°
restive,refusing to move reluctant to be controlled     ,ä¸é¡˜å‘å‰èµ°çš„ å€”å¼·çš„ é›£é§•ç¦¦çš„
resuscitation,coming back to consciousness        ,å¾©ç”Ÿ å¾©èˆˆ
retard,check hinder          ,é˜»æ­¢ å»¶é²å¦¨ç¤™ å»¶é² é²ç·©æ¸›é€Ÿ å»¶é²
reticent,reserved untalkative silent taciturn        ,ç„¡è¨€çš„ æ²ˆé»˜çš„ è¬¹æ…çš„
revere,have deep respect for        ,å´‡æ•¬ æ•¬ç• å°Šæ•¬
reverent,feeling or showing deep respect     ,å°Šæ•¬çš„ è™”èª çš„
riddle,puzzling person or thing      ,è¬ è¬èª ç²—ç¯©è§£è¬ çµ¦â€¦å‡ºè¬ ç¯© æª¢æŸ¥ é‘’å®š éé›£ å……æ»¿æ–¼å‡ºè¬
rift,split crack dissension         ,è£‚å£ éš™ç¸« åˆ‡å£è£‚é–‹åˆ†é–‹ å‰²é–‹ ç©¿é€
rivet,fix take up secure metal pin      ,é‰šé‡˜ç”¨é‰šé‡˜å›ºå®š æ•²é€²å» æ³¨ç›® å›ºå®š
roll,call calling of names        ,å· æ»¾å‹• åå–® æ¡ˆå· å£“è·¯æ©Ÿ ç¿»æ»¾æ»¾ æ»¾å‹• é£„æµ èµ·ä¼ å· ç¹ä½¿æ»¾å‹•
rotund,rich and deep plump and round      ,åœ“çš„ åœ“èƒ–çš„ æ´ªäº®çš„
ruffian,violent cruel man         ,æƒ¡æ£ ç„¡è³´å‡¶æƒ¡çš„ æ®˜å¿çš„ æ®˜æš´çš„
rumple,make rough        ,å¼„çšº å¼„å¾—äº‚ä¸ƒå…«ç³Ÿçšºç´‹ çšºè¤¶
sagacious,having sound judgment perceptive wise like a sage    ,ç¿æ™ºçš„ è°æ˜çš„ è³¢æ˜çš„
salacious,obscene           ,å¥½è‰²çš„ çŒ¥è¤»çš„ é»ƒè‰²çš„
salubrious,healthful           ,æœ‰ç›Šå¥åº·çš„ æ¸…çˆ½çš„ å¥åº·çš„
salutary,remedial wholesome causing improvement        ,æœ‰ç›Šçš„ æœ‰ç”¨çš„ æœ‰ç›Šå¥åº·çš„
sanctimony,self-righteousness hypocritical with FALSE piety       ,å‡è£çš„è–äººæ°£æ´¾ å‡è£çš„è™”èª  ç¥è–
sanction,approval (by authority) penalty        ,æ ¸å‡† è™•ç½° ç´„æŸåŠ›åˆ¶å®šåˆ¶è£è¦å‰‡ èªå¯ æ ¸å‡† åŒæ„
sanguine,cheerful confident optimistic         ,è¡€ç´…è‰²çš„ æ»¿æ‡·å¸Œæœ›çš„ æŒ‡æœ›çš„è¡€ç´…è‰² ç´…è‡˜ç­†ä»¥è¡€æ²¾æ±™ è¡€æŸ“
sanity,health of mind soundness of judgement      ,ç¥æ™ºå¥å…¨ é ­è…¦æ¸…æ¥š å¥å…¨
sash,long strip worn round the waist    ,æ¡†æ ¼ è‚©å¸¶ è…°å¸¶è£ä»¥çª—æ¡† ç³»ä¸Šè…°å¸¶
satiate,satisfy fully          ,ä½¿é£½è¶³ ä½¿å­è†© ä½¿å……åˆ†æ»¿è¶³é£½è¶³çš„ åƒé£½çš„
saturnine,gloomy dark sullen morose        ,æ²ˆé»˜å¯¡è¨€çš„ é™°æ²ˆçš„ æ„ŸæŸ“é‰›æ¯’çš„
savant,person of great learning        ,å­¸è€… åšå­¸è€… å°ˆå®¶
savor,taste flavor smth         ,æ»‹å‘³ æ°£å‘³ é£Ÿæ¬²æœ‰â€¦çš„æ»‹å‘³åŠ èª¿å‘³å“æ–¼ ä½¿æœ‰é¢¨å‘³ å˜—åˆ°
sawdust,tiny bits of wood        ,é‹¸å±‘
scabbard,sheath for the blade        ,é˜æ”¾å…¥é˜å…§ è£é˜
scent,smell (esp pleasant)         ,æ°£å‘³ é¦™å‘³ é¦™æ°´ è¹¤è·¡ è‡­è·¡ ç—•è·¡ ç·šç´¢ å—…è¦ºèå‡º å—… ç™¼è¦º
scorch,become discolored/dry up/go at high speed    ,ç‡’ç„¦ æ¯é»ƒç‡’ç„¦ æ‹·ç„¦ (ä½¿)æ¯è è«·åˆº
scribble,write hastily          ,æ½¦è‰çš„å¯«æ³• æ½¦è‰å¯«æˆçš„æ±è¥¿ é›œæ–‡æ½¦è‰åœ°æ›¸å¯« äº‚å¯« æ¿«å¯«
scurvy,mean contemptible          ,ä¸‹æµçš„ å‘é„™çš„ ç„¡ç¦®çš„å£è¡€ç—…
secular,material (not spiritual) living outside monasteries      ,ç‰§å¸« ä¿—äººä¸–ä¿—çš„ ç¾ä¸–çš„ ä¸æœ½çš„ é•·æœŸçš„
sedulous,persevering           ,å‹¤å‹‰çš„ å‹¤è‹¦å·¥ä½œçš„ èšç²¾æœƒç¥çš„
seminal,like a seed constituting a source originative     ,ç²¾æ¶²çš„ ç¨®å­çš„ ç”Ÿæ®–çš„
sententious,short and pithy full of maxims/proverbs      ,ç°¡æ½”çš„ è­¦å¥çš„ å¯Œæ–¼æ ¼è¨€çš„
sequence,succession connected line of        ,é †åº é€£çºŒ æ¬¡åºæŒ‰é †åºæ’å¥½é †åº åºåˆ— ç¹¼èµ·çš„äº‹
sere,make hard and without feeling     ,ä¹¾æ¯çš„æ¼”æ›¿ç³»åˆ—
sermon,reproving a person for his faults    ,èªªæ•™ è¨“èª¡ ä½ˆé“
serrated,having a toothed edge        ,é‹¸é½’ç‹€çš„;æœ‰é‹¸é½’çš„
serration,having a toothed edge        ,é‹¸é½’ç‹€ é‹¸é½’ç‹€çªèµ·
servile,like a slave lacking independence       ,å¥´éš¸çš„ å¥´éš¸æ ¹æ€§çš„ å‘å±ˆçš„
sever,break off        ,åˆ‡æ–· è„«é›¢ åˆ†é–‹ ä½¿åˆ†é›¢ æ–·çµ• ä¸­æ–·æ–· è£‚é–‹ è¢«åˆ†é–‹
severance,severing           ,åˆ‡æ–· åˆ†é›¢ éš”é›¢
shallow,little depth not earnest        ,æ°´æ·ºçš„åœ°æ–¹ æ·ºç˜æ·ºçš„ è†šæ·ºçš„(ä½¿)è®Šæ·º
shard,piece of broken earthenware        ,ç“·å™¨çš„ç¢ç‰‡;ç¢ç‰‡;ç¿…é˜;å¤–æ®¼
sheath,cover for the blade of a weapon or a tool  ,é˜ è‘‰é˜ ç¿…é˜
shrewd,astute showing sound judgement        ,ç²¾æ˜çš„ éŠ³åˆ©çš„ åŠ‡çƒˆçš„ æ©Ÿéˆçš„ å²å®³çš„
shrill,sharp piercing          ,å°–éŠ³çš„è²éŸ³å°–éŠ³çš„ åˆºè€³çš„ç”¨å°–éŠ³çš„è²éŸ³èªªç™¼å‡ºåˆºè€³è²
shun,keep away from avoid        ,é¿é–‹ è¦é¿ é¿å…
shunt,send from one track to another lay aside evade discussion  ,ä½¿è½‰è»Œ ä½¿åˆ†æµ æ”¹è®Š æ¨å»¶è½‰å‘ä¸€é‚Š è½‰è»Œ å¾€è¿”è½‰è»Œ åˆ†æµ
sidestep,step to one side        ,æ©«è·¨çš„ä¸€æ­¥ å°éšæ©«è·¨ä¸€æ­¥èº²é¿ å›é¿å›é¿å•é¡Œ èº²é¿æ‰“æ“Š
simper,(give a) silly/self-conscious smile      ,å‡ç¬‘ å‚»ç¬‘ ç™¡ç¬‘å‡ç¬‘ å‚»ç¬‘ ç™¡ç¬‘å‡ç¬‘è‘—èªª
sinuous,winding undulating serpentine         ,å½å½æ›²æ›²çš„ è¿‚å›çš„ ä¹–åƒ»çš„
skiff,small boat          ,å°è‰‡ è¼•èˆŸ å°å‹å¸†èˆ¹
skit,short piece of humorous writing       ,è«·åˆºæ–‡ æˆ²æ–‡ å°å–œåŠ‡
slack,sluggish dull not tight        ,é¬†å¼› éœæ­¢ æ·¡å­£ é–‘æ•£ å®¶å¸¸è¤²é¬†å¼›çš„ ä¸æµæš¢çš„ ç–å¿½çš„ æ‡¶æ•£çš„ ç„¡åŠ›çš„
slake,to assuage to satisfy allay       ,æ¶ˆé™¤ å¹³æ¯ ç†„æ»…
slate,king of blue-grey stone propose criticize      ,çŸ³æ¿çŸ³æ¿è‰²çš„é‹ªçŸ³æ¿ è²¬ç½µ ç—›æ‰“
sluggard,lazy slow-moving person         ,å·æ‡¶è€… éŠæ‰‹å¥½é–‘çš„äºº æ‡¶é¬¼
slur,join sounds/words (indistinct)       ,é€£éŸ³ç¬¦ èª¹è¬— æ¥è¾± å°åˆ·æ¨¡ç³Šè‰ç‡åœ°çœ‹é å¿½ç•¥ å«ç³Šåœ°å¿µæ¨¡ç³Šä¸æ¸…
smolder,burn slowly without flame      ,æ‚¶ç‡’ é¬±ç©æ‚¶ç‡’
snare,trap         ,é™·é˜± èª˜æƒ‘ åœˆå¥—ä»¥é™·é˜±æ•ç² èª˜æƒ‘
snub,treat with contempt       ,è¼•å¾… å†·è½ æ–¥é€€çŸ­è€Œæ‰çš„è¼•å¾… å†·è½ åˆ¶æ­¢ æ€ æ…¢
soar,rise fly high         ,é«˜æš ?ç¿”å¾€ä¸Šé£›èˆ é«˜è³ ?ç¿”
sober,self-controlled           ,æ¸…é†’çš„ ç©©é‡çš„ ç¯€åˆ¶çš„ åš´è‚…çš„ ä¸èª‡å¤§çš„ åˆç†çš„ æ¨¸ç´ çš„ä½¿æ¸…é†’
sobriety,quality or condition of being sober      ,ç¯€é…’ ç¯€åˆ¶ ä¸€æœ¬æ­£ç¶“ èŠé‡
sodden,soaked saturated          ,æ¸¾èº«æ¿•é€çš„ ä¸æˆæ¨£å­çš„ æµ¸éé…’çš„æ‹¿æ°´æµ¸ ä½¿è®Šå‘†è¢«æµ¸æ¿•
soggy,heavy with water         ,æµ¸æ°´çš„ æ²ˆæ‚¶çš„
solvent,of the power of forming a solution     ,æº¶åŠ‘æœ‰å„Ÿä»˜èƒ½åŠ›çš„ æœ‰æº¶è§£åŠ›çš„
somatic,of the body         ,èº«é«”çš„ è‚‰é«”çš„ èº«é«”çš„
soot,black powder in smoke        ,ç…¤ç…™ ç…™å¡µç†ä»¥ç…¤ç…™
sophisticated,complex subtle refined         ,è€ç·´çš„ è€æ–¼ä¸–æ•…çš„;å¾©é›œçš„ å°–ç«¯çš„
sophistry,fallacious reasoning faulty logic        ,è©­è¾¯
sophomoric,self-assured though immature affected bombastic overblown      ,æœ‰äºŒå¹´ç´šå­¸ç”Ÿæ¨£çš„
soporific,producing sleep        ,å‚¬çœ çš„ æƒ³ç¡çš„å‚¬çœ åŠ‘ å®‰çœ è—¥
sordid,wretched comfortless contemptible         ,éª¯è‡Ÿçš„ ä¸å¹¹æ·¨çš„ å‘é„™çš„ æƒ¡åŠ£çš„ å¯æ†çš„ æš—æ·¡çš„
spear,weapon with a metal point on a long shaft   ,çŸ› æ§ æŒçŸ›è€…ç”¨çŸ›åˆºåˆº æˆ³çˆ¶ç³»çš„
specious,illogical of questionable truth or merit      ,å¾’æœ‰å…¶è¡¨çš„ ä¼¼æ˜¯è€Œéçš„ å¤–è¡¨ç¾è§€çš„
splenetic,bad-tempered irritable          ,è„¾è‡Ÿçš„ å®¹æ˜“ç™¼æ€’çš„ å£å¿ƒçœ¼çš„è„¾è‡Ÿç—…æ‚£è€… å£å¿ƒçœ¼çš„äºº è„¾è‡Ÿç—…çš„è—¥
splice,join (two ends)         ,æ¥åˆ æ’šæ¥ ç–Šæ¥ ä½¿çµå©šæ¥åˆ ç–Šæ¥ çµå©š
sponge,porous rubber for washing live at once expense    ,æµ·ç¶¿ æµ·ç¶¿ç‹€çš„æ±è¥¿ç”¨æµ·ç¶¿æ“¦æ‹­ å¸æ”¶æ‰ æŠ¹æ‰æ¡é›†æµ·ç¶¿ æµ·ç¶¿èˆ¬å¸æ”¶
spurious,FALSE counterfeit          ,å‡é€ çš„ å½é€ çš„ æ¬ºé¨™çš„
spurn,have nothing to do reject or refuse     ,è¸¢é–‹ æ‹’æ–¥è¸¢åˆ°ä¸€æ— å†·è½ è¸è¸ å”¾æ£„è—è¦– æ‘’æ£„
squalid,foul filthy          ,æ±™ç©¢çš„ éª¯è‡Ÿçš„ æ‚²æ…˜çš„ å¯æ†çš„ å‘åŠ£çš„
squander,spend wastefully          ,æµªè²» ä½¿åˆ†æ•£æµªè²» æ¼‚æ³Š å››æ•£
squat,crouch/settle without permission       ,è¹² çŸ®èƒ–å­è¹²è‘—çš„ çŸ®èƒ–èƒ–çš„è¹²ä¸‹ å è¹²ä¼ä½¿è¹²ä¸‹ éœ¸ä½”
stanch,to stop the flow of a fluid     ,ä½¿æ­¢è¡€ æ­¢ä½ åœæ­¢ æ­¢è¡€å …å›ºçš„ å …å¼·çš„ å¿ å¯¦çš„
steeply,rising or falling sharply        ,éšªå³»åœ°
stentorian,extremely loud and powerful        ,è²éŸ³æ´ªäº®çš„
stickler,person who insists on importance of smth     ,å¥½æŒ‘å‰”çš„äºº;æ‹˜æ³¥çš„äºº
stigma,mark of shame or disgrace       ,æ¥è¾± æ±™å çƒ™å°
stigmatize,describe smb scornfully         ,æ‰“çƒ™å° èª£è”‘
sting,smth sharp          ,åˆº åˆºç—› åˆºæ¿€ è«·åˆºåˆº åˆºç—› åˆºæ¿€ ä½¿è‹¦æƒ±åˆº åˆºç—›
stingy,spending using unwillingly         ,å°æ°£çš„ åå—‡çš„ ç¼ºä¹çš„ æœ‰åˆºçš„
stint,to be thrifty to set limits      ,ç¯€çœ é™åˆ¶ åœæ­¢ç¯€ç´„åæƒœ ç¯€ç´„ é™åˆ¶
stipple,paint with dots       ,é»åˆ»æ³• é»ç•« é»å½©é»åˆ» ç•«é»ç•« é»å½©
stipulate,state or put forward as a necessary condition    ,è¦å®š ä¿è¨¼
stolid,showing no emotion impassive        ,é²éˆçš„ ç¥ç¶“éº»æœ¨çš„
stray,wander lose one's way        ,èµ°å¤±çš„å®¶ç•œ æµªå­è¿·é€”çš„ å¶ç„¶çš„è¿·è·¯ å½·å¾¨ æµæµª
streak,long thin move very fast       ,æ¢ç† æ–‘ç´‹ å‚¾å‘åŠ æ¢ç´‹è®Šæˆæ¢ç´‹ é£›è·‘
striated,striped grooved or banded        ,æœ‰æ¢ç´‹çš„ æœ‰æ¢ç—•çš„ æœ‰ç·šç´‹çš„
stride,walk with long steps        ,å¤§æ­¥ ä¸€è·¨æ­¥ é€²æ­¥é‚å¤§æ­¥èµ° è·¨é è·¨
strut,a supporting bar         ,é«˜è¦–é—Šæ­¥ æ”¯æŸ± æŠ—å£“æè¶¾é«˜æ°£æšåœ°èµ° è…«è„¹ç”¨æ”¯æŸ±æ”¯æ’ ç‚«è€€
stygian,hence dark gloomy         ,åœ°ç„çš„;é™°æ£®æ£®çš„;é»‘æš—çš„
stymie,to hinder obstruct or block       ,[é«˜çˆ¾å¤«] å¦¨ç¤™çƒ;å¦¨ç¤™;å›°å¢ƒ
subdue,overcome bring under control        ,ä½¿æœå¾ å£“åˆ¶ æ¸›å¼± æŠ‘åˆ¶ å…‹åˆ¶
sublime,extreme astounding          ,å£¯è§€çš„ å“è¶Šçš„æé«˜ (ä½¿)è®Šé«˜å°š (ä½¿)ç´”åŒ– (ä½¿)å‡è¯èŠåš´ å´‡é«˜
submerge,put under water liquid sink out of sight    ,ä½¿æµ¸æ°´ ä½¿é™·å…¥ æ·¹æ²’æ½›å…¥æ°´ä¸­
suborn,induce by bribery or smth to commit perjury    ,ä½¿ä½œå½èª“ å”†ä½¿ æ…«æ¿ æ”¶è²·
subpoena,written order requiring a person to appear in a low court ,å‚³ç¥¨å‚³å¯© å–šå¯©
substantiation,giving facts to support (statement)     ,å¯¦é«”åŒ– è¨¼å¯¦ è¨¼æ˜
subsume,include under a rule        ,åŒ…å®¹;åŒ…å«;åŒ…æ‹¬
succor,assistance relief in time of distress      ,æ•‘æ´ æ´åŠ©è€…æ•‘æ´ æ´åŠ©
suffice,be enough          ,è¶³å¤  æœ‰èƒ½åŠ›æ»¿è¶³
suffocate,cause or have difficulty in breathing    ,ä½¿çª’æ¯ å™ä½ æ‚¶ç†„æ‚¶æ­» çª’æ¯ å—é˜»
sully,to be stained or discredited       ,æ²¾æ±™ å¼„è‡Ÿæ±™é» è‡Ÿæ±™
summarily,briefly without delay         ,æ¦‚è¦åœ° æ¦‚ç•¥åœ° ç«‹åˆ»
sumptuous,magnificent           ,å¥¢ä¾ˆçš„ è¯éº—çš„
sundry,various miscellaneous separate         ,ç¨®ç¨® å„ç¨®å„æ¨£çš„ ç¹é›œçš„
supercilious,disdainful characterized by haughty scorn       ,å‚²æ…¢çš„ è‡ªå¤§çš„ ç›®ç©ºä¸€åˆ‡çš„
superfluous,more then is needed or wanted      ,å¤šé¤˜çš„ éå‰©çš„
superimpose,put smth on the top       ,é‡ç–Š;åŠ ä¸Šå»;é›™é‡
supersede,take the place of        ,ä»£æ›¿ å–ä»£ æ¥æ›¿
supine,lying on the back slow to act passive    ,ä»°è‡¥çš„ æŒå¿ƒå‘ä¸Šçš„ æ‡¶æ•£çš„
suppliant,asking humbly beseeching         ,æ‡‡æ±‚çš„ å“€æ±‚çš„ å“€æ±‚æ€§çš„æ‡‡æ±‚è€… å“€æ±‚è€…
supplicate,make a humble petition to       ,æ‡‡æ±‚ å“€æ±‚ æ‡‡è«‹
suppress,prevent from being known put an end to    ,é®å£“ ä½¿æ­¢ä½ ç¦æ­¢ æŠ‘åˆ¶ æŸ¥ç¦
surcharge,additional load/charge        ,è£è¼‰éå¤š è¶…è¼‰ è¿½åŠ ç½°æ¬¾ é¡å¤–è²»ä½¿è£è¼‰éå¤š è¿½åŠ ç½°æ¬¾
surfeit,satiate feed to fulness or to excess     ,éé£Ÿ éåº¦ æƒ¡å¿ƒä½¿è†© ä½¿æ²ˆæººæ–¼é£²é£Ÿéåº¦
susceptibility,sensitiveness           ,æ„Ÿå—æ€§ æ„Ÿæƒ…
swerve,change direction suddenly       ,è½‰å‘ å½æ›² èƒŒé›¢çªç„¶è½‰å‘ è½‰å½ èƒŒé›¢ä½¿çªç„¶è½‰å‘ ä½¿è½‰å½ ä½¿èƒŒé›¢
sycophant,person who flatter to the rich and powerful    ,å¥‰æ‰¿è€… è«‚åªšè€… è¿½éš¨è€…æ‹é¦¬çš„ å¥‰æ‰¿çš„
synopsis,summary or outline         ,æ¦‚è¦ æ‘˜è¦ å¤§æ„
taciturn,untalkative silent          ,æ²ˆé»˜å¯¡è¨€çš„ ä¸å¤ªèªªè©±çš„ ç„¡è¨€çš„
tadpole,form of a frog when it leaves the egg ,èŒèšª
talon,claw of a bird of prey      ,çˆª å¦‚çˆªçš„æ‰‹ é­”çˆª é´¿èƒ¸é›•èŠ±
tamp,tap or drive down by repeated light blows    ,ç”¨ç²˜åœŸå¡«å¡ æ—å›º å¤¯å¯¦æ—æ£’ å¤¯
tamper,interfere with          ,å¹¹é  ç©å¼„ è³„è³‚ æå®³ å‰Šå¼± ç«„æ”¹ç«„æ”¹æ—æ£’ å¤¯ å¡«å¡è€…
tangential,suddenly changeable          ,åˆ‡ç·šçš„ ç›¸åˆ‡çš„ æ­£åˆ‡çš„ é›¢é¡Œçš„ æ‰¯é çš„ è†šæ·ºçš„
tarnish,lost brightness          ,æ™¦æš— ç·æ±¡ æ±™é»ä½¿å¤±å»å…‰æ¾¤ ç·æ±¡å¤±å»å…‰æ¾¤ è¢«ç·æ±¡
tassel,bunch of threads       ,æµè˜‡ çº“åŠ çº“æ–¼ æ‘˜ä¸‹â€¦ç©—é ˆé•·å‡ºç©—ç‹€é›„èŠ±
taunt,contemptuous reproach hurtful remark        ,è¾±ç½µ å˜²å¼„å˜²å¼„ å¥šè½å¾ˆé«˜çš„
taut,tightly stretched          ,æ‹‰ç·Šçš„ æ•´æ½”çš„ ç·Šå¼µçš„
tautology,a repetition a redundancy        ,åŒç¾©åå¾© é‡å¾©
tawdry,cheap gaudy showy tacky        ,å»‰åƒ¹è€Œä¿—éº—çš„ éå¸¸è¯éº—çš„å»‰åƒ¹è€Œä¿—éº—ä¹‹ç‰©
teetotal,oppose to alcohol         ,çµ•å°ç¦é…’çš„ å®Œå…¨çš„ çµ•å°çš„çµ•å°ç¦é…’ä¸»ç¾©
temerity,boldness brashness intrepidness         ,é¹µè½ è »å‹‡
temperance,abstinence from alcohol self-control moderation       ,æº«æš–çš„ æº«å’Œçš„ æœ‰ç¯€åˆ¶çš„
temperate,showing self-control          ,æœ‰ç¯€åˆ¶çš„ é©åº¦çš„ æº«å’Œçš„ æº«å¸¶çš„
tenacity,firmness persistency adhesiveness tending to hang on     ,å›ºåŸ· ä¸å±ˆä¸æ’“ é ‘å›º å …éŸŒ
tenuous,insubstantial flimsy weak         ,ç¨€è–„çš„ å¾®ç´°çš„ çº–ç´°çš„ è„†å¼±çš„
tepid,lukewarm         ,å¾®æº«çš„ æº«ç†±çš„ ä¸å¤ªç†±å¿ƒçš„
terse,brief and to the point       ,ç°¡æ½”çš„ æ‰¼è¦çš„
testiness,witness/evidence         ,æ˜“æ€’ æš´èº
thrift,care economy thriving prosperous        ,ç¯€ç´„ ç¹æ¦®
thwart,obstruct/frustrate         ,æ©«æ”¾çš„åå° é˜»ç¤™ æ©«éæ©«é
timid,shy easily frightened         ,è†½å°çš„ ç¾æ€¯çš„
timorous,fearful timid afraid         ,è†½æ€¯çš„ è†½å°çš„ ç¾æ€¯çš„
toady,obsequious flatterer        ,è«‚åªšè€… æ‹é¦¬å±çš„äººè«‚åªš æ‹é¦¬å±
tonic,smth giving strength or energy       ,è£œè—¥ (éŸ³æ¨‚)ä¸»èª¿éŸ³æˆ–åŸºéŸ³æ»‹è£œçš„ è²èª¿çš„ ä½¿ç²¾ç¥æŒ¯ä½œçš„
topple,be unsteady and overturn        ,æ¨ç¿» é¡›è¦†å€’å¡Œ æ–æ–æ¬²å¢œ
torment,severe pain or suffering        ,è‹¦ç—› æ‹·å•ä½¿è‹¦æƒ± æ”ªå‹• æ­ªæ›² æ‹·å•
torpid,sleeping sluggish lethargic dormant        ,éº»ç—ºçš„ é²ç·©çš„ é²éˆçš„ èŸ„ä¼çš„
torque,twisting force causing rotation      ,è½‰åŠ›çŸ© é …éˆ;&(ä½¿)æ²¿è»¸è½‰å‹•
tortuous,devious/not straightforward        ,æ‰­æ›²çš„ å½æ›²çš„ ç¾…å”†çš„ æ¬ºé¨™çš„
tout,person who worries others to buy smth to use his service ,æ‹›å¾ é¡§å®¢ æ­»ä¹ç™½è³´åœ°å‹¸èª˜æ‹›å¾  åˆºæ¢â€¦æƒ…å ±å…œå”®è€… åµæŸ¥è€…
tractable,easily controlled or guided        ,æ˜“æ–¼ç®¡æ•™çš„
transgress,break go beyond (a limit)       ,é•å çŠ¯ç½ª é€¸å‡ºè¶Šç•Œ é•æ³•
transient,temporary fleeting          ,æš«æ…‹ çŸ­æœŸå±…ç•™è€… ä¾¯é³¥ ç¬è®Šå€¼çŸ­æš«çš„ æ˜“è®Šçš„ ç¬è®Šçš„ è·¯éçš„
transitory,brief           ,æš«æ™‚çš„ çŸ­æš«çš„ æ›‡èŠ±ä¸€ç¾çš„
travesty,parody/imitation         ,æ»‘ç¨½åŒ–çš„ä½œå“ æ¼«ç•« æ»‘ç¨½æ¨¡ä»¿ä½¿æ»‘ç¨½åŒ– æ­ªæ›²
trenchant,forceful effective vigorous extremely perceptive incisive      ,éŠ³åˆ©çš„ å°–åˆ»çš„ è‹›åˆ»çš„ æœ‰åŠ›çš„ åˆ†æ˜çš„ æ¸…æ™°çš„
trepidation,alarm excited state of mind       ,ææ‡¼ é©šæƒ¶ æ†‚æ…®
trickle,flow in drops       ,æ»´ ç´°æµæ»´æµ ç´°ç´°åœ°æµä½¿æ»´ ä½¿ç´°æµ
trifling,unimportant           ,äº›è¨±çš„ ä¸è¶³é“çš„ ä¸è¶³å–çš„
trite,not new          ,å¹³åº¸çš„ é™³è…çš„ å¹³å‡¡çš„ ç”¨å£çš„
truce,(agreement) stop of fighting for a time   ,åœæˆ° ä¼‘æ­¢åœæˆ° ä¼‘æ­¢ä»¥ä¼‘æˆ°çµæŸ
truculence,aggressiveness ferocity          ,é‡è » ç²—é‡ æ®˜é…·
trudge,walk heavily          ,æ²ˆé‡çš„æ­¥ä¼ é•·é€”è·‹æ¶‰æ²ˆé‡åœ°èµ° è¹£è·šåœ°èµ°è·‹æ¶‰
turbid,muddy having the sediment stirred up      ,æ··æ¿çš„ æ³¥æ°´çš„ æ··äº‚çš„ éœ§é‡çš„
turbulence,being uncontrolled violent         ,å–§å›‚ ç‹‚æš´ é¨·äº‚
turgid,excessively ornate swollen or bloated       ,è…«çš„ æµ®èª‡çš„
turmoil,trouble disturbance          ,é¨·å‹• æ··äº‚
turpitude,wickedness shamefulness          ,å¥¸æƒ¡ å‘é„™
turquoise,greenish-blue precious stone       ,åœŸè€³å…¶ç‰ è—ç‰
tyro,tiro beginner          ,åˆå­¸è€… ç”Ÿæ‰‹ æ–°æ‰‹
ubiquitous,present everywhere        ,åˆ°è™•å­˜åœ¨çš„ éåœ¨çš„
ulterior,situated beyond          ,åœ¨é‚£é‚Šçš„ å°‡ä¾†çš„ éš±è”½çš„
umbrage,offense resentment          ,ä¸å¿« æ†¤æ€’ é™°å½± æ¨¹è”­ æ‡·ç–‘
uncouth,rough awkward          ,ç²—ä¿—çš„ æ€ªç•°çš„
underbid,make a lower bid then smb else     ,å‡ºè¼ƒä½çš„åƒ¹éŒ¢ æŠ•æ¨™ä½æ–¼ä»–äºº ä»¥ä½åƒ¹æä¾›å–Šåƒ¹éä½ å«ç‰Œéä½
undermine,weaken gradually at the base make smth under    ,æ¼¸æ¼¸ç ´å£ æŒ–æ˜åœ°åŸº æš—åœ°ï¿½å ¹}å£
undulate,to move in wavelike fashion fluctuate      ,æ³¢å‹•çš„ èµ·ä¼çš„æ³¢å‹• èµ·ä¼ å‘ˆæ³¢æµªå½¢ä½¿èµ·ä¼ ä½¿æ³¢å‹•
unearth,discover and bring to light     ,ç™¼æ˜ æ˜å‡º å¾æ´ä¸­è¶•å‡º æ­éœ² ç™¼ç¾
unencumbered,easy-going trifle          ,ç„¡æ‹˜ç„¡æŸ
unfeigned,not pretended sincere         ,ä¸è™›å½çš„ çœŸå¯¦çš„ èª å¯¦çš„
unscathed,unharmed unhurt          ,æ²’æœ‰å—å‚·çš„ æœªå—å‚·çš„ æœªå—å‚·çš„
untoward,unfortunate inconvenient          ,éº»ç…©çš„ å›°é›£çš„ ä¸å¹¸çš„
upbraid,scold reproach          ,è­´è²¬ è²¬ç½µ ç”³æ–¥
urbane,elegant refined in manners        ,å½¬å½¬æœ‰ç¦®çš„
vacillation,being uncertain hesitating         ,éŠç§»ä¸å®š èºŠèº‡ ä¸æœæ–·
vagary,strange act or idea        ,å¥‡ç‰¹ å¥½å¥‡ å¥‡ç‰¹è¡Œç‚º å¥‡æƒ³
vain,without use result conceited        ,å¾’å‹çš„ å¾’ç„¶çš„ ç„¡æ•ˆçš„ ç©ºè™›çš„ è‡ªè² çš„
valiant,brave           ,è‹±å‹‡çš„å‹‡æ•¢çš„äºº
valorous,brave           ,å‹‡æ•¢çš„ å‹‡æ­¦çš„ å‰›å‹‡çš„
vanquish,conquer           ,æ‰“æ•— å¾æœ å…‹æœ
veer,change direction          ,è½‰å‘ä½¿è½‰å‘ æ”¾å‡º(éŒ¨)è½‰å‘ æ–¹å‘çš„è½‰è®Š
venal,ready to do smth dishonest       ,å¯æ”¶è²·çš„ è²ªæ±™çš„ ç‚ºé‡‘éŒ¢è€Œåšçš„
veneer,surface appearance covering the TRUE nature      ,è† åˆæ¿ é£¾é¢ å¤–è¡¨é‘²é£¾ è† åˆ è™›é£¾
veneration,regard with deep respect        ,å°Šæ•¬ å´‡æ•¬ å´‡æ‹œ
veracity,truth           ,èªªçœŸå¯¦è©± è€å¯¦ èª å¯¦
verdant,fresh and green       ,ç¿ ç¶ çš„ é’ç¿ çš„ ç”Ÿç–çš„ ä¸è€ç·´çš„
verisimilitude,appearing TRUE or real        ,å¥½è±¡çœŸå¯¦ ä¼¼çœŸ é€¼çœŸ
veritable,real rightly named         ,çœŸå¯¦çš„ ç¢ºå¯¦çš„ çœŸçš„
verve,spirit vigor enthusiasm         ,æ°£é­„ ç¥éŸ» æ´»åŠ›
vestige,trace or sign       ,éºè·¡ ç—•è·¡ æ®˜é¤˜ çµ²æ¯« é€€åŒ–çš„å™¨å®˜
vex,annoy distress trouble         ,ä½¿ç…©æƒ± æƒ±æ€’
vigilance,watchfulness self-appointed group who maintain order      ,è­¦æˆ’ è­¦è¦ºå¿ƒ å¤±çœ ç—‡
vigilant,member of a vigilance committee       ,è­¦é†’çš„ è­¦æˆ’è‘—çš„ è­¦æƒ•çš„
vigorous,strong energetic          ,ç²¾åŠ›å……æ²›çš„ å…ƒæ°£æ—ºç››çš„ æœ‰åŠ›çš„
vilify,slander say evil things        ,èª¹è¬— è²¶ä½ è¼•è¦–
vindictive,having a desire to revenge       ,æœ‰å ±ä»‡å¿ƒçš„ æ‡·æ¨çš„ æ‡²ç½°çš„
virago,a loud domineering woman a scold or nag    ,æ½‘å©¦ æ‚å©¦ å¥³è‹±é›„
visceral,of the internal organs of the body     ,å…§è‡Ÿçš„
viscous,sticky/semi-fluid         ,ç²˜çš„ æœ‰ç²˜æ€§çš„ ç²˜æ€§çš„
vitiate,lower the quality weaken the strength      ,ä½¿è…æ•— æ±¡æŸ“ ä½¿å¢®è½ æ•—å£ ä½¿å¤±æ•ˆ
vituperate,curse abuse in words        ,è¬¾ç½µ è²¬ç½µ
vivacious,lively high-spirited          ,æ´»æ½‘çš„ å¿«æ´»çš„ å¤šå¹´ç”Ÿçš„
volatile,changeable inconstant fickle unstable explosive       ,æ®ç™¼æ€§çš„ å¯è®Šçš„ ä¸ç©©å®šçš„ é£›è¡Œçš„ è¼•å¿«çš„ çˆ†ç‚¸æ€§çš„æœ‰ç¿…çš„å‹•ç‰© æ®ç™¼ç‰©
volubility,fluency verbosity easy use of spoken language     ,é¥’èˆŒ å¥½èªªè©± æ„›èªªè©±
voluble,fluent           ,æµåˆ©çš„ å¥è«‡çš„ æ˜“æ—‹è½‰çš„ çºç¹çš„
waffle,talk vaguely and without much result    ,é–‘èŠ èƒ¡æ‰¯è¯å¤«é¤…å¹¹ ç„¡èŠè©±
waft,scent waving movement carry lightly through      ,å¹é€ ä½¿é£„è•©é£„è•©å¹é€ é£„è•©
wag,merry person          ,æ–æ“º æ–å‹• é¥’èˆŒæ“ºå‹• å–‹å–‹ä¸ä¼‘æ–æ“º å°ä¸‘
warmonger,person who stirs up war       ,æˆ°çˆ­è²©å­ å¥½æˆ°è€… ä¸»æˆ°è«–è€…
warrant,authority written order guarantee        ,æ­£ç•¶ç†ç”± æ ¹æ“š è¨¼æ˜ æ‰¹å‡† æ†‘è¨¼ è¨±å¯è¨¼ å§”ä»»ç‹€ä¿è¨¼ è¾¯è§£ æ“”ä¿ æ‰¹å‡†
wean,to turn away (from a habit)    ,ä½¿æ–·å¥¶ ä½¿ä¸Ÿæ£„ ä½¿æ–·å¿µå°å…’
weigh,measure hoe heavy smth is       ,ç¨±â€¦é‡é‡ è¡¡é‡ é‡å£“ è€ƒæ…® æ¬Šè¡¡ èµ·éŒ¨ç¨±åˆ†é‡ æœ‰æ„ç¾© é‡å£“
welter,turmoil a bewildering jumble        ,ç¿»æ»¾ æ»¾å‹• æ™ç´® æ²ˆæºº æµ¸æ¿• é¡›ç°¸ç¿»æ»¾ æ´¶æ¹§ æ··äº‚ èµ·ä¼ é‡é¨å¸«
wend,to go proceed         ,è¡Œ èµ°å¾€
whimsical,full of odd and fanciful ideas      ,å¿ƒæƒ…æµ®å‹•çš„ åå¾©ç„¡å¸¸çš„ å¤æ€ªçš„ ç•°æƒ³å¤©é–‹çš„
wince,show bodily or mental pain       ,ç•ç¸® é€€é¿ç•ç¸® é€€ç¸® é€€é¿
woo,try to win         ,å‘â€¦æ±‚æ„› è¿½æ±‚ æ‡‡æ±‚æ±‚æ„› æ‡‡æ±‚
writ,written order        ,ä»¤ç‹€ æ–‡æ›¸ æ–‡ä»¶ å‘½ä»¤
yarn,tale story fibers for knitting,ç´— æ¯›ç·š é‡‘å±¬çµ²;æ•…äº‹ å¥‡è«‡ è¬Šè¨€
